{
    "client-2: UNSW": {
        "accuracy": [
            [
                0.9621333479881287,
                0.9774933457374573,
                0.9832800030708313,
                0.9856266379356384,
                0.9821866750717163,
                0.969426691532135,
                0.9648666381835938,
                0.9650400280952454,
                0.9648399949073792,
                0.9646533131599426
            ]
        ],
        "precision": [
            [
                0.5164580345153809,
                0.7018091082572937,
                0.7944785356521606,
                0.8817161321640015,
                0.9078295230865479,
                0.9377382397651672,
                0.9305210709571838,
                0.9368932247161865,
                0.9280397295951843,
                0.9389920234680176
            ]
        ],
        "recall": [
            [
                0.7471495866775513,
                0.7545271515846252,
                0.7816901206970215,
                0.7374245524406433,
                0.6143527626991272,
                0.24748490750789642,
                0.12575452029705048,
                0.12944333255290985,
                0.12541918456554413,
                0.11871227622032166
            ]
        ],
        "f1_score": [
            [
                0.6107456088066101,
                0.727213978767395,
                0.7880324125289917,
                0.8031409978866577,
                0.7328000068664551,
                0.3916158378124237,
                0.22156572341918945,
                0.22746025025844574,
                0.2209748923778534,
                0.21077701449394226
            ]
        ],
        "final_loss": [
            [
                0.14307091181675594,
                0.07976513539155325,
                0.0658357085331281,
                0.05979782520612081,
                0.060448558283646904,
                0.0704291286444664,
                0.08355151103337606,
                0.0813712019832929,
                0.07941340224663417,
                0.0803337031006813
            ]
        ]
    },
    "client-1: BOT": {
        "accuracy": [
            [
                0.9324399828910828,
                0.9319066405296326,
                0.9178799986839294,
                0.9176666736602783,
                0.9180799722671509,
                0.9110133051872253,
                0.9396666884422302,
                0.9408133625984192,
                0.9507866501808167,
                0.9404000043869019
            ]
        ],
        "precision": [
            [
                0.9994551539421082,
                0.9996411800384521,
                0.9996065497398376,
                0.9995627999305725,
                0.9995193481445312,
                0.9995595812797546,
                0.9996014833450317,
                0.9996019601821899,
                0.9996342658996582,
                0.9996444582939148
            ]
        ],
        "recall": [
            [
                0.9327061772346497,
                0.9319970011711121,
                0.9179468154907227,
                0.9177728295326233,
                0.9182277917861938,
                0.9110956192016602,
                0.9398249983787537,
                0.9409757256507874,
                0.9509580731391907,
                0.9405208230018616
            ]
        ],
        "f1_score": [
            [
                0.9649276733398438,
                0.9646345973014832,
                0.9570379257202148,
                0.9569233059883118,
                0.9571505784988403,
                0.9532796144485474,
                0.9687920212745667,
                0.9694032073020935,
                0.9746888279914856,
                0.9691817760467529
            ]
        ],
        "final_loss": [
            [
                0.49270744872728983,
                0.4911774683825175,
                0.3723605464140574,
                0.2890309721628825,
                0.20924956738471984,
                0.1655548520421982,
                0.14076465637922286,
                0.13911622424999873,
                0.12857549356301626,
                0.14464178654273352
            ]
        ]
    },
    "client-3: CSE": {
        "accuracy": [
            [
                0.8249176740646362,
                0.786223828792572,
                0.7191429138183594,
                0.6672755479812622,
                0.6720489859580994,
                0.7011026740074158,
                0.7227163314819336,
                0.7254229784011841,
                0.7183295488357544,
                0.7279563546180725
            ]
        ],
        "precision": [
            [
                0.3189677596092224,
                0.3512478470802307,
                0.29162362217903137,
                0.16800929605960846,
                0.1705445945262909,
                0.18842929601669312,
                0.2057887464761734,
                0.20809277892112732,
                0.20302808284759521,
                0.21030238270759583
            ]
        ],
        "recall": [
            [
                0.4095270037651062,
                0.9310575723648071,
                0.9445559978485107,
                0.4513610005378723,
                0.4513610005378723,
                0.4538152515888214,
                0.46162426471710205,
                0.46240517497062683,
                0.4637438654899597,
                0.4631860852241516
            ]
        ],
        "f1_score": [
            [
                0.3586186468601227,
                0.5100687146186829,
                0.44565507769584656,
                0.24487078189849854,
                0.24755263328552246,
                0.2662913501262665,
                0.2846725583076477,
                0.2870200276374817,
                0.2824144661426544,
                0.2892674207687378
            ]
        ],
        "final_loss": [
            [
                0.3696225429958044,
                0.4726270292971595,
                0.6247336781460927,
                0.6523679744564843,
                0.6594505245501929,
                0.585759467005016,
                0.5448932802361325,
                0.5741007514026261,
                0.603247010845663,
                0.5690226702167568
            ]
        ]
    },
    "weighted_metrics": [
        {
            "model_1": {
                "metrics_distributed": {
                    "accuracy": [
                        [
                            1,
                            0.9064970016479492
                        ],
                        [
                            2,
                            0.898541271686554
                        ],
                        [
                            3,
                            0.87343430519104
                        ],
                        [
                            4,
                            0.8568562865257263
                        ],
                        [
                            5,
                            0.8574385444323221
                        ],
                        [
                            6,
                            0.860514223575592
                        ],
                        [
                            7,
                            0.8757498860359192
                        ],
                        [
                            8,
                            0.8770921230316162
                        ],
                        [
                            9,
                            0.87798539797465
                        ],
                        [
                            10,
                            0.877669890721639
                        ]
                    ]
                },