{
  "1": {
    "metrics": {
      "mean": 0.5074541296701669,
      "median": 0.507664541,
      "quantile_75": 0.7544374195,
      "quantile_95": 0.9553648104500001,
      "quantile_99": 0.9945380125900005,
      "max": 1.080893139,
      "min": 0.012108402
    },
    "processed_packets": 6000,
    "total_timer": 135
  },

  "2": {
    "metrics": {
      "mean": 0.5077375675966664,
      "median": 0.505315613,
      "quantile_75": 0.76257145525,
      "quantile_95": 0.9609478263000001,
      "quantile_99": 1.00335470202,
      "max": 1.080004167,
      "min": 0.007402817
    },
    "processed_packets": 6000,
    "total_timer": 135
  },
  "3": {
    "metrics": {
      "mean": 0.5024254215529994,
      "median": 0.502627594,
      "quantile_75": 0.7493624015,
      "quantile_95": 0.9509044161,
      "quantile_99": 0.99149569283,
      "max": 1.079904162,
      "min": 0.006296877
    },
    "processed_packets": 6000,
    "total_timer": 135
  },
  "4": {
    "metrics": {
      "mean": 0.5069420806576654,
      "median": 0.506383711,
      "quantile_75": 0.758667228,
      "quantile_95": 0.9585064503499999,
      "quantile_99": 0.99883718724,
      "max": 1.08251937,
      "min": 0.007470606
    },
    "processed_packets": 6000,
    "total_timer": 135
  }
}
