{
	"metrics": {
		"mean": 0.505184520261789,
		"median": 0.504643365,
		"quantile_75": 0.7555448277500001,
		"quantile_95": 0.9547149335999997,
		"quantile_99": 0.9964885295,
		"max": 1.018655785,
		"min": 0.004944417
	},
	"processed_packets": 24000,
	"total_timer": 135
}
