{
  "1": {
    "metrics": {
      "mean": 0.5071200672374997,
      "median": 0.5087155409999999,
      "quantile_75": 0.75802330075,
      "quantile_95": 0.95677591475,
      "quantile_99": 0.99529796022,
      "max": 0.996664399,
      "min": 0.0071313
    },
    "processed_packets": 4800,
    "total_timer": 135
  },
  "2": {
    "metrics": {
      "mean": 0.5120872109777076,
      "median": 0.513866461,
      "quantile_75": 0.7631712005,
      "quantile_95": 0.9579023617000008,
      "quantile_99": 1.00017773082,
      "max": 1.001437535,
      "min": 0.011827657
    },
    "processed_packets": 4800,
    "total_timer": 135
  },
  "3": {
    "metrics": {
      "mean": 0.5021188169185422,
      "median": 0.49643708000000003,
      "quantile_75": 0.7537166074999999,
      "quantile_95": 0.9524971002500001,
      "quantile_99": 0.99010006704,
      "max": 0.992225674,
      "min": 0.001840628
    },
    "processed_packets": 4800,
    "total_timer": 135
  },
  "4": {
    "metrics": {
      "mean": 0.49359506309020834,
      "median": 0.503542656,
      "quantile_75": 0.75364157175,
      "quantile_95": 0.9459194055500014,
      "quantile_99": 0.98025653159,
      "max": 0.995740504,
      "min": 0.003535398
    },
    "processed_packets": 4800,
    "total_timer": 135
  },
  "5": {
    "metrics": {
      "mean": 0.4985585607633332,
      "median": 0.508017411,
      "quantile_75": 0.7578004064999999,
      "quantile_95": 0.9575968518000001,
      "quantile_99": 0.98532131862,
      "max": 1.000317741,
      "min": 0.008195582
    },
    "processed_packets": 4800,
    "total_timer": 135
  }
}
