{
  "1": {
    "metrics": {
      "mean": 0.5064037259624167,
      "median": 0.5087171425,
      "quantile_75": 0.755223136,
      "quantile_95": 0.9534504799499957,
      "quantile_99": 0.9958017312400006,
      "max": 1.004005458,
      "min": 0.009647758
    },
    "processed_packets": 12000,
    "total_timer": 135
  },
  "2": {
    "metrics": {
      "mean": 0.5014009346042511,
      "median": 0.503404861,
      "quantile_75": 0.753655272,
      "quantile_95": 0.9475188141999947,
      "quantile_99": 0.9939313726600002,
      "max": 0.998960015,
      "min": 0.004257426
    },
    "processed_packets": 12000,
    "total_timer": 135
  }
}
