{
  "1": {
    "metrics": {
      "mean": 0.5051500633371245,
      "median": 0.5042309380000001,
      "quantile_75": 0.754418503,
      "quantile_95": 0.9541666037000001,
      "quantile_99": 0.9940653127800001,
      "max": 1.004579599,
      "min": 0.002082449
    },
    "processed_packets": 8000,
    "total_timer": 135
  },
  "2": {
    "metrics": {
      "mean": 0.5052755286042495,
      "median": 0.5042957475000001,
      "quantile_75": 0.754134195,
      "quantile_95": 0.9544006240499999,
      "quantile_99": 0.99417607334,
      "max": 1.007318999,
      "min": 0.00357274
    },
    "processed_packets": 8000,
    "total_timer": 135
  },
  "3": {
    "metrics": {
      "mean": 0.5048962077431234,
      "median": 0.5041970855,
      "quantile_75": 0.7542931712500001,
      "quantile_95": 0.9543904172,
      "quantile_99": 0.9940028768700001,
      "max": 1.010711751,
      "min": 0.001667519
    },
    "processed_packets": 8000,
    "total_timer": 135
  }
}
