{
    "accuracy":{
        "accuracy":0.0000026146,
        "precision":-0.000000101,
        "recall":0.0000027255,
        "f1_score":0.0000013321,
        "final_loss":-0.0000000318
    },
    "precision":{
        "accuracy":-0.000000101,
        "precision":0.0000000039,
        "recall":-0.0000001053,
        "f1_score":-0.0000000515,
        "final_loss":0.0000000012
    },
    "recall":{
        "accuracy":0.0000027255,
        "precision":-0.0000001053,
        "recall":0.0000028412,
        "f1_score":0.0000013886,
        "final_loss":-0.0000000331
    },
    "f1_score":{
        "accuracy":0.0000013321,
        "precision":-0.0000000515,
        "recall":0.0000013886,
        "f1_score":0.0000006787,
        "final_loss":-0.0000000162
    },
    "final_loss":{
        "accuracy":-0.0000000318,
        "precision":0.0000000012,
        "recall":-0.0000000331,
        "f1_score":-0.0000000162,
        "final_loss":0.0000000004
    }
}