{
    "accuracy":0.9848708212,
    "precision":0.9993094206,
    "recall":0.9854975045,
    "f1_score":0.9923549891
}