{
    "means": [
        0.5650011638770589,
        0.00020314093031618825
    ],
    "stds": [
        0.8463879728185493,
        0.18336860856380444
    ],
    "covs": [
        0.7013820956884718,
        7.607259681231517e-06
    ]
}