{
    "means": [
        0.8885597121655802,
        0.3764831017741299
    ],
    "stds": [
        0.8883060338371276,
        0.3753244587182222
    ],
    "covs": [
        0.816672109158974,
        0.004574240871137564
    ]
}