{
    "accuracy":0.0016169638,
    "precision":0.0000624616,
    "recall":0.0016855789,
    "f1_score":0.0008238023
}