{
    "model_ToN": {
        "client-1: ToN": {
            "accuracy": [
                0.9712957739830017
            ],
            "precision": [
                0.9749240279197693
            ],
            "recall": [
                0.9913843274116516
            ],
            "f1_score": [
                0.9830852746963501
            ]
        },
        "client-2: BoT": {
            "accuracy": [
                0.1678495854139328
            ],
            "precision": [
                0.955152690410614
            ],
            "recall": [
                0.1548456996679306
            ],
            "f1_score": [
                0.2664892077445984
            ]
        },
        "client-3: UNSW": {
            "accuracy": [
                0.8029099106788635
            ],
            "precision": [
                0.14632433652877808
            ],
            "recall": [
                0.8245382308959961
            ],
            "f1_score": [
                0.24854189157485962
            ]
        },
        "client-4: CSE": {
            "accuracy": [
                0.42195507884025574
            ],
            "precision": [
                0.07468234747648239
            ],
            "recall": [
                0.3723374903202057
            ],
            "f1_score": [
                0.12441075593233109
            ]
        }
    },
    "model_BoT": {
        "client-2: BoT": {
            "accuracy": [
                0.9926004409790039
            ],
            "precision": [
                0.9933861494064331
            ],
            "recall": [
                0.9990718364715576
            ],
            "f1_score": [
                0.9962208867073059
            ]
        },
        "client-1: ToN": {
            "accuracy": [
                0.5442754030227661
            ],
            "precision": [
                0.8029621839523315
            ],
            "recall": [
                0.6074257493019104
            ],
            "f1_score": [
                0.6916393637657166
            ]
        },
        "client-3: UNSW": {
            "accuracy": [
                0.7939228415489197
            ],
            "precision": [
                0.1269371509552002
            ],
            "recall": [
                0.7167986035346985
            ],
            "f1_score": [
                0.21567979454994202
            ]
        },
        "client-4: CSE": {
            "accuracy": [
                0.5675799250602722
            ],
            "precision": [
                0.10373817384243011
            ],
            "recall": [
                0.38229599595069885
            ],
            "f1_score": [
                0.1631930023431778
            ]
        }
    },
    "model_UNSW": {
        "client-3: UNSW": {
            "accuracy": [
                0.9918994307518005
            ],
            "precision": [
                0.8645161390304565
            ],
            "recall": [
                0.9428319931030273
            ],
            "f1_score": [
                0.9019772410392761
            ]
        },
        "client-1: ToN": {
            "accuracy": [
                0.170567587018013
            ],
            "precision": [
                0.804635763168335
            ],
            "recall": [
                0.018776804208755493
            ],
            "f1_score": [
                0.03669724985957146
            ]
        },
        "client-2: BoT": {
            "accuracy": [
                0.02363334409892559
            ],
            "precision": [
                0.44999998807907104
            ],
            "recall": [
                0.0006961095496080816
            ],
            "f1_score": [
                0.0013900687918066978
            ]
        },
        "client-4: CSE": {
            "accuracy": [
                0.7159506678581238
            ],
            "precision": [
                0.005899704992771149
            ],
            "recall": [
                0.009405256249010563
            ],
            "f1_score": [
                0.007251013536006212
            ]
        }
    },
    "model_CSE": {
        "client-4: CSE": {
            "accuracy": [
                0.992311418056488
            ],
            "precision": [
                0.9935427308082581
            ],
            "recall": [
                0.9363762140274048
            ],
            "f1_score": [
                0.9641128182411194
            ]
        },
        "client-1: ToN": {
            "accuracy": [
                0.2505688965320587
            ],
            "precision": [
                0.8001273274421692
            ],
            "recall": [
                0.1456940919160843
            ],
            "f1_score": [
                0.2465028315782547
            ]
        },
        "client-2: BoT": {
            "accuracy": [
                0.15992146730422974
            ],
            "precision": [
                0.908473014831543
            ],
            "recall": [
                0.15507772564888
            ],
            "f1_score": [
                0.26493126153945923
            ]
        },
        "client-3: UNSW": {
            "accuracy": [
                0.9295461177825928
            ],
            "precision": [
                0.022031165659427643
            ],
            "recall": [
                0.01802990399301052
            ],
            "f1_score": [
                0.01983071304857731
            ]
        }
    }
}