{
    "model_ToN": {
        "client-1: ToN": {
            "accuracy": [
                0.9652165174484253
            ],
            "precision": [
                0.966890811920166
            ],
            "recall": [
                0.9791764616966248
            ],
            "f1_score": [
                0.9729948043823242
            ],
            "final_loss": [
                0.09199055684260457
            ]
        },
        "client-2: BoT": {
            "accuracy": [
                0.3213067948818207
            ],
            "precision": [
                0.9949468970298767
            ],
            "recall": [
                0.32049962878227234
            ],
            "f1_score": [
                0.48482415080070496
            ],
            "final_loss": [
                2.072584856844558
            ]
        },
        "client-3: UNSW": {
            "accuracy": [
                0.385924369096756
            ],
            "precision": [
                0.01932806894183159
            ],
            "recall": [
                0.29037347435951233
            ],
            "f1_score": [
                0.036243658512830734
            ],
            "final_loss": [
                1.3493482285062972
            ]
        },
        "client-4: CSE": {
            "accuracy": [
                0.6059623956680298
            ],
            "precision": [
                0.09637757390737534
            ],
            "recall": [
                0.27424710988998413
            ],
            "f1_score": [
                0.142630934715271
            ],
            "final_loss": [
                1.409048079551536
            ]
        }
    },
    "model_BoT": {
        "client-2: BoT": {
            "accuracy": [
                0.9984773993492126
            ],
            "precision": [
                0.9986065626144409
            ],
            "recall": [
                0.9998671412467957
            ],
            "f1_score": [
                0.9992364645004272
            ],
            "final_loss": [
                0.007397921456014556
            ]
        },
        "client-1: ToN": {
            "accuracy": [
                0.5379268527030945
            ],
            "precision": [
                0.606291651725769
            ],
            "recall": [
                0.7927328944206238
            ],
            "f1_score": [
                0.687089204788208
            ],
            "final_loss": [
                NaN
            ]
        },
        "client-3: UNSW": {
            "accuracy": [
                0.749822199344635
            ],
            "precision": [
                0.09347720444202423
            ],
            "recall": [
                0.6083640456199646
            ],
            "f1_score": [
                0.16205422580242157
            ],
            "final_loss": [
                0.5068517937730737
            ]
        },
        "client-4: CSE": {
            "accuracy": [
                0.45621511340141296
            ],
            "precision": [
                0.09897943586111069
            ],
            "recall": [
                0.4381089508533478
            ],
            "f1_score": [
                0.1614772379398346
            ],
            "final_loss": [
                1.867987821898848
            ]
        }
    },
    "model_UNSW": {
        "client-3: UNSW": {
            "accuracy": [
                0.9953980445861816
            ],
            "precision": [
                0.9181591868400574
            ],
            "recall": [
                0.9708048105239868
            ],
            "f1_score": [
                0.943748414516449
            ],
            "final_loss": [
                0.01350649804782679
            ]
        },
        "client-1: ToN": {
            "accuracy": [
                0.3686874508857727
            ],
            "precision": [
                0.7011915445327759
            ],
            "recall": [
                0.023521633818745613
            ],
            "f1_score": [
                0.04551640897989273
            ],
            "final_loss": [
                NaN
            ]
        },
        "client-2: BoT": {
            "accuracy": [
                0.0035858904011547565
            ],
            "precision": [
                0.5111111402511597
            ],
            "recall": [
                0.00025468115927651525
            ],
            "f1_score": [
                0.0005091085913591087
            ],
            "final_loss": [
                3.5345882279170024
            ]
        },
        "client-4: CSE": {
            "accuracy": [
                0.6282187104225159
            ],
            "precision": [
                0.19636884331703186
            ],
            "recall": [
                0.6825730800628662
            ],
            "f1_score": [
                0.3049941658973694
            ],
            "final_loss": [
                0.8578409554151543
            ]
        }
    },
    "model_CSE": {
        "client-4: CSE": {
            "accuracy": [
                0.9892423152923584
            ],
            "precision": [
                0.984782338142395
            ],
            "recall": [
                0.9242692589759827
            ],
            "f1_score": [
                0.9535667300224304
            ],
            "final_loss": [
                0.042098828866684666
            ]
        },
        "client-1: ToN": {
            "accuracy": [
                0.424633264541626
            ],
            "precision": [
                0.8164986968040466
            ],
            "recall": [
                0.1301761120557785
            ],
            "f1_score": [
                0.2245514988899231
            ],
            "final_loss": [
                NaN
            ]
        },
        "client-2: BoT": {
            "accuracy": [
                0.0067635406740009785
            ],
            "precision": [
                0.7428571581840515
            ],
            "recall": [
                0.0048943073488771915
            ],
            "f1_score": [
                0.009724544361233711
            ],
            "final_loss": [
                1.6320455213231944
            ]
        },
        "client-3: UNSW": {
            "accuracy": [
                0.7603334188461304
            ],
            "precision": [
                0.004562185611575842
            ],
            "recall": [
                0.023145712912082672
            ],
            "f1_score": [
                0.0076220170594751835
            ],
            "final_loss": [
                0.5326997599546687
            ]
        }
    }
}