{
    "model_ToN": {
        "client-1: ToN": {
            "accuracy": [
                0.955304741859436
            ],
            "precision": [
                0.9518628120422363
            ],
            "recall": [
                0.9902163147926331
            ],
            "f1_score": [
                0.9706608653068542
            ]
        },
        "client-2: BoT": {
            "accuracy": [
                0.686557412147522
            ],
            "precision": [
                0.9950194954872131
            ],
            "recall": [
                0.6851704120635986
            ],
            "f1_score": [
                0.8115248680114746
            ]
        },
        "client-3: UNSW": {
            "accuracy": [
                0.8374433517456055
            ],
            "precision": [
                0.10262291878461838
            ],
            "recall": [
                0.8194354772567749
            ],
            "f1_score": [
                0.18240246176719666
            ]
        },
        "client-4: CSE": {
            "accuracy": [
                0.5175073742866516
            ],
            "precision": [
                0.1077205166220665
            ],
            "recall": [
                0.4147960841655731
            ],
            "f1_score": [
                0.1710263341665268
            ]
        }
    },
    "model_BoT": {
        "client-2: BoT": {
            "accuracy": [
                0.9865678548812866
            ],
            "precision": [
                0.9865449666976929
            ],
            "recall": [
                1.0
            ],
            "f1_score": [
                0.993226945400238
            ]
        },
        "client-1: ToN": {
            "accuracy": [
                0.5981492400169373
            ],
            "precision": [
                0.7482444047927856
            ],
            "recall": [
                0.6959664821624756
            ],
            "f1_score": [
                0.7211592793464661
            ]
        },
        "client-3: UNSW": {
            "accuracy": [
                0.14292661845684052
            ],
            "precision": [
                0.02296464517712593
            ],
            "recall": [
                0.9082094430923462
            ],
            "f1_score": [
                0.04479658231139183
            ]
        },
        "client-4: CSE": {
            "accuracy": [
                0.7319962978363037
            ],
            "precision": [
                0.30467575788497925
            ],
            "recall": [
                0.96206134557724
            ],
            "f1_score": [
                0.46279022097587585
            ]
        }
    },
    "model_UNSW": {
        "client-3: UNSW": {
            "accuracy": [
                0.9924188256263733
            ],
            "precision": [
                0.7763086557388306
            ],
            "recall": [
                0.9235078692436218
            ],
            "f1_score": [
                0.8435348272323608
            ]
        },
        "client-1: ToN": {
            "accuracy": [
                0.24888235330581665
            ],
            "precision": [
                0.3980952501296997
            ],
            "recall": [
                0.011667829938232899
            ],
            "f1_score": [
                0.022671187296509743
            ]
        },
        "client-2: BoT": {
            "accuracy": [
                0.016600335016846657
            ],
            "precision": [
                0.8684210777282715
            ],
            "recall": [
                0.001754665863700211
            ],
            "f1_score": [
                0.00350225530564785
            ]
        },
        "client-4: CSE": {
            "accuracy": [
                0.6689723134040833
            ],
            "precision": [
                0.016737129539251328
            ],
            "recall": [
                0.030456317588686943
            ],
            "f1_score": [
                0.021602632477879524
            ]
        }
    },
    "model_CSE": {
        "client-4: CSE": {
            "accuracy": [
                0.9924255013465881
            ],
            "precision": [
                0.993998646736145
            ],
            "recall": [
                0.9425650835037231
            ],
            "f1_score": [
                0.9675988554954529
            ]
        },
        "client-1: ToN": {
            "accuracy": [
                0.46971166133880615
            ],
            "precision": [
                0.9808698892593384
            ],
            "recall": [
                0.29554781317710876
            ],
            "f1_score": [
                0.45423054695129395
            ]
        },
        "client-2: BoT": {
            "accuracy": [
                0.39599916338920593
            ],
            "precision": [
                0.999313473701477
            ],
            "recall": [
                0.38698357343673706
            ],
            "f1_score": [
                0.5579149127006531
            ]
        },
        "client-3: UNSW": {
            "accuracy": [
                0.9644209146499634
            ],
            "precision": [
                0.09917590022087097
            ],
            "recall": [
                0.07519931346178055
            ],
            "f1_score": [
                0.08553922176361084
            ]
        }
    }
}