{
    "model_ToN": {
        "client-1: ToN": {
            "accuracy": 0.9700129628181458,
            "precision": 0.9702661037445068,
            "recall": 0.9832733869552612,
            "f1_score": 0.9767264127731323
        },
        "client-2: BoT": {
            "accuracy": 0.0646335780620575,
            "precision": 0.9876630306243896,
            "recall": 0.062052927911281586,
            "f1_score": 0.1167694553732872
        },
        "client-3: UNSW": {
            "accuracy": 0.5833914279937744,
            "precision": 0.06745168566703796,
            "recall": 0.7451395988464355,
            "f1_score": 0.12370529770851135
        },
        "client-4: CSE": {
            "accuracy": 0.5968296527862549,
            "precision": 0.09246445447206497,
            "recall": 0.2692648470401764,
            "f1_score": 0.1376577764749527
        }
    },
    "model_BoT": {
        "client-2: BoT": {
            "accuracy": 0.9990952610969543,
            "precision": 0.9995570778846741,
            "recall": 0.9995349645614624,
            "f1_score": 0.9995459914207458
        },
        "client-1: ToN": {
            "accuracy": 0.5324859023094177,
            "precision": 0.6151420474052429,
            "recall": 0.7197368144989014,
            "f1_score": 0.6633416414260864
        },
        "client-3: UNSW": {
            "accuracy": 0.16653181612491608,
            "precision": 0.027619631960988045,
            "recall": 0.5881937146186829,
            "f1_score": 0.0527617484331131
        },
        "client-4: CSE": {
            "accuracy": 0.5555202960968018,
            "precision": 0.20686526596546173,
            "recall": 0.959477424621582,
            "f1_score": 0.34035030007362366
        }
    },
    "model_UNSW": {
        "client-3: UNSW": {
            "accuracy": 0.9952989220619202,
            "precision": 0.913129985332489,
            "recall": 0.9734888672828674,
            "f1_score": 0.9423438906669617
        },
        "client-1: ToN": {
            "accuracy": 0.3503797650337219,
            "precision": 0.3435114622116089,
            "recall": 0.016603633761405945,
            "f1_score": 0.031676195561885834
        },
        "client-2: BoT": {
            "accuracy": 0.005031224340200424,
            "precision": 0.9024389982223511,
            "recall": 0.0016387996729463339,
            "f1_score": 0.003271658206358552
        },
        "client-4: CSE": {
            "accuracy": 0.6549433469772339,
            "precision": 0.007853101007640362,
            "recall": 0.015057573094964027,
            "f1_score": 0.01032258104532957
        }
    },
    "model_CSE": {
        "client-4: CSE": {
            "accuracy": 0.9943368434906006,
            "precision": 0.9953938126564026,
            "recall": 0.9570416212081909,
            "f1_score": 0.9758410453796387
        },
        "client-1: ToN": {
            "accuracy": 0.4980323612689972,
            "precision": 0.7626217007637024,
            "recall": 0.31303998827934265,
            "f1_score": 0.4438776671886444
        },
        "client-2: BoT": {
            "accuracy": 0.3769225776195526,
            "precision": 0.9985267519950867,
            "recall": 0.37524083256721497,
            "f1_score": 0.5454896092414856
        },
        "client-3: UNSW": {
            "accuracy": 0.7127193808555603,
            "precision": 0.006938662379980087,
            "recall": 0.044185224920511246,
            "f1_score": 0.011993858963251114
        }
    }
}