{
    "model_BOT": {
        "client-1: BOT": {
            "accuracy": [
                0.9991066455841064
            ],
            "precision": [
                0.9992778301239014
            ],
            "recall": [
                0.9998260736465454
            ],
            "f1_score": [
                0.9995518922805786
            ],
            "final_loss": [
                0.004819321873585383
            ]
        },
        "client-2: UNSW": {
            "accuracy": [
                0.8554400205612183
            ],
            "precision": [
                0.13991203904151917
            ],
            "recall": [
                0.5120724439620972
            ],
            "f1_score": [
                0.2197754979133606
            ],
            "final_loss": [
                0.5061450899632772
            ]
        },
        "client-3: CSE": {
            "accuracy": [
                0.5558207631111145
            ],
            "precision": [
                0.07349798828363419
            ],
            "recall": [
                0.2340472936630249
            ],
            "f1_score": [
                0.11186648905277252
            ],
            "final_loss": [
                1.3632533912711209
            ]
        }
    },
    "model_UNSW": {
        "client-2: UNSW": {
            "accuracy": [
                0.9961199760437012
            ],
            "precision": [
                0.9232463240623474
            ],
            "recall": [
                0.9842387437820435
            ],
            "f1_score": [
                0.9527674317359924
            ],
            "final_loss": [
                0.011722228532036146
            ]
        },
        "client-1: BOT": {
            "accuracy": [
                0.007173333317041397
            ],
            "precision": [
                0.9470198750495911
            ],
            "recall": [
                0.003827008418738842
            ],
            "f1_score": [
                0.007623210083693266
            ],
            "final_loss": [
                4.614931677042644
            ]
        },
        "client-3: CSE": {
            "accuracy": [
                0.6405418515205383
            ],
            "precision": [
                0.006688963156193495
            ],
            "recall": [
                0.013609995134174824
            ],
            "f1_score": [
                0.008969598449766636
            ],
            "final_loss": [
                1.118018923501151
            ]
        }
    },
    "model_CSE": {
        "client-3: CSE": {
            "accuracy": [
                0.9947866201400757
            ],
            "precision": [
                0.9980248808860779
            ],
            "recall": [
                0.9582775831222534
            ],
            "f1_score": [
                0.9777474999427795
            ],
            "final_loss": [
                0.029674662619436378
            ]
        },
        "client-1: BOT": {
            "accuracy": [
                0.05870666727423668
            ],
            "precision": [
                0.9824970960617065
            ],
            "recall": [
                0.056334637105464935
            ],
            "f1_score": [
                0.10655935108661652
            ],
            "final_loss": [
                2.6293757990264894
            ]
        },
        "client-2: UNSW": {
            "accuracy": [
                0.8849733471870422
            ],
            "precision": [
                0.02055376209318638
            ],
            "recall": [
                0.04057679325342178
            ],
            "f1_score": [
                0.027286052703857422
            ],
            "final_loss": [
                0.371939063723882
            ]
        }
    }
}