{
    "model_ToN": {
        "client-1: ToN": {
            "accuracy": 0.8626185655593872,
            "precision": 0.8632627129554749,
            "recall": 0.9331242442131042,
            "f1_score": 0.8968350291252136,
            "final_loss": 0.0006572529594411554
        },
        "client-2: BoT": {
            "accuracy": 0.4679480195045471,
            "precision": 0.9967893958091736,
            "recall": 0.46754512190818787,
            "f1_score": 0.6365267038345337,
            "final_loss": 0.0014693561518768648
        },
        "client-3: UNSW": {
            "accuracy": 0.13743269443511963,
            "precision": 0.009281282313168049,
            "recall": 0.1972428411245346,
            "f1_score": 0.017728354781866074,
            "final_loss": 0.0024506313554763636
        },
        "client-4: CSE": {
            "accuracy": 0.4150788486003876,
            "precision": 0.15838545560836792,
            "recall": 0.9027900695800781,
            "f1_score": 0.2694913446903229,
            "final_loss": 0.0020380568757339345
        }
    },
    "model_BoT": {
        "client-2: BoT": {
            "accuracy": 0.996425211429596,
            "precision": 0.996425211429596,
            "recall": 1.0,
            "f1_score": 0.9982094168663025,
            "final_loss": 3.6441812578102975e-05
        },
        "client-1: ToN": {
            "accuracy": 0.6399393677711487,
            "precision": 0.6399393677711487,
            "recall": 1.0,
            "f1_score": 0.7804427742958069,
            "final_loss": NaN
        },
        "client-3: UNSW": {
            "accuracy": 0.039463773369789124,
            "precision": 0.039463773369789124,
            "recall": 1.0,
            "f1_score": 0.07593102008104324,
            "final_loss": 0.0051614313596820135
        },
        "client-4: CSE": {
            "accuracy": 0.11950884014368057,
            "precision": 0.11950884014368057,
            "recall": 1.0,
            "f1_score": 0.21350227296352386,
            "final_loss": 0.006213490781524616
        }
    },
    "model_UNSW": {
        "client-3: UNSW": {
            "accuracy": 0.9823675751686096,
            "precision": 0.837429940700531,
            "recall": 0.6864616274833679,
            "f1_score": 0.7544677257537842,
            "final_loss": 0.0001149053545030829
        },
        "client-1: ToN": {
            "accuracy": 0.3602376878261566,
            "precision": 0.5454545617103577,
            "recall": 0.0016603633994236588,
            "f1_score": 0.0033106491900980473,
            "final_loss": NaN
        },
        "client-2: BoT": {
            "accuracy": 0.0035086171701550484,
            "precision": 0.2857142984867096,
            "recall": 4.429188265930861e-05,
            "f1_score": 8.857003558659926e-05,
            "final_loss": 0.0027664003303376817
        },
        "client-4: CSE": {
            "accuracy": 0.8795120120048523,
            "precision": 0.06976744532585144,
            "recall": 0.0006643047090619802,
            "f1_score": 0.0013160781236365438,
            "final_loss": 0.000717849176599069
        }
    },
    "model_CSE": {
        "client-4: CSE": {
            "accuracy": 0.970043420791626,
            "precision": 0.9300965666770935,
            "recall": 0.8102303147315979,
            "f1_score": 0.866035521030426,
            "final_loss": 0.00024100852182040936
        },
        "client-1: ToN": {
            "accuracy": 0.48238950967788696,
            "precision": 0.8074982762336731,
            "recall": 0.2509916126728058,
            "f1_score": 0.3829517662525177,
            "final_loss": NaN
        },
        "client-2: BoT": {
            "accuracy": 0.3367169201374054,
            "precision": 0.9950160384178162,
            "recall": 0.3360203802585602,
            "f1_score": 0.5023839473724365,
            "final_loss": 0.0019503348681323644
        },
        "client-3: UNSW": {
            "accuracy": 0.9429037570953369,
            "precision": 0.04002911224961281,
            "recall": 0.019441498443484306,
            "f1_score": 0.026171782985329628,
            "final_loss": 0.000442473345423398
        }
    }
}