{
    "model_ToN": {
        "client-1: ToN": {
            "accuracy": [
                0.9697685837745667,
                0.96783846616745,
                0.9685107469558716,
                0.9679685831069946,
                0.9705926775932312
            ],
            "precision": [
                0.9737626910209656,
                0.9707039594650269,
                0.9715191721916199,
                0.9702662229537964,
                0.9743054509162903
            ],
            "recall": [
                0.9914495348930359,
                0.9924361109733582,
                0.9923602342605591,
                0.9930685758590698,
                0.9918543100357056
            ],
            "f1_score": [
                0.9825265407562256,
                0.9814497828483582,
                0.9818291664123535,
                0.981535017490387,
                0.9830015301704407
            ]
        },
        "client-2: BoT": {
            "accuracy": [
                0.36959362030029297,
                0.2656436562538147,
                0.20585393905639648,
                0.23120205104351044,
                0.1875532865524292
            ],
            "precision": [
                0.9841910004615784,
                0.9650177955627441,
                0.9490793943405151,
                0.9448877573013306,
                0.9427577257156372
            ],
            "recall": [
                0.35688796639442444,
                0.2533489465713501,
                0.19298040866851807,
                0.22164376080036163,
                0.17437846958637238
            ],
            "f1_score": [
                0.5238258242607117,
                0.40133440494537354,
                0.32074281573295593,
                0.3590618073940277,
                0.29431799054145813
            ]
        },
        "client-3: UNSW": {
            "accuracy": [
                0.8148545622825623,
                0.8205446600914001,
                0.8185100555419922,
                0.8297560811042786,
                0.8355579376220703
            ],
            "precision": [
                0.15902093052864075,
                0.16201959550380707,
                0.15410512685775757,
                0.1647428572177887,
                0.1715189516544342
            ],
            "recall": [
                0.871816873550415,
                0.8612303137779236,
                0.8120171427726746,
                0.8248926997184753,
                0.8377682566642761
            ],
            "f1_score": [
                0.2689795196056366,
                0.27273139357566833,
                0.2590479552745819,
                0.27463680505752563,
                0.2847417891025543
            ]
        },
        "client-4: CSE": {
            "accuracy": [
                0.462322473526001,
                0.407035768032074,
                0.32127127051353455,
                0.41211211681365967,
                0.42516839504241943
            ],
            "precision": [
                0.08578852564096451,
                0.07747013866901398,
                0.07296112179756165,
                0.079277403652668,
                0.08383381366729736
            ],
            "recall": [
                0.4050884246826172,
                0.4049079716205597,
                0.4442439675331116,
                0.4117647111415863,
                0.42818477749824524
            ],
            "f1_score": [
                0.14159125089645386,
                0.13005679845809937,
                0.12533725798130035,
                0.1329565793275833,
                0.14021508395671844
            ]
        }
    },
    "model_BoT": {
        "client-2: BoT": {
            "accuracy": [
                0.9894856214523315,
                0.989599347114563,
                0.9890878200531006,
                0.9885194897651672,
                0.9886899590492249
            ],
            "precision": [
                0.9899744987487793,
                0.990032434463501,
                0.9895163774490356,
                0.989226758480072,
                0.9891153573989868
            ],
            "recall": [
                0.9992980360984802,
                0.9993565082550049,
                0.9993565082550049,
                0.999064028263092,
                0.9993565082550049
            ],
            "f1_score": [
                0.9946143627166748,
                0.9946726560592651,
                0.9944120645523071,
                0.9941210746765137,
                0.9942095875740051
            ]
        },
        "client-1: ToN": {
            "accuracy": [
                0.5286591053009033,
                0.5628374814987183,
                0.5360109210014343,
                0.5239530801773071,
                0.5276181101799011
            ],
            "precision": [
                0.8276141285896301,
                0.8348081707954407,
                0.8287827968597412,
                0.8204455375671387,
                0.8249121308326721
            ],
            "recall": [
                0.5686314105987549,
                0.610953688621521,
                0.5782190561294556,
                0.5692891478538513,
                0.5699468851089478
            ],
            "f1_score": [
                0.6741040945053101,
                0.7055506706237793,
                0.6811903119087219,
                0.672172486782074,
                0.6741270422935486
            ]
        },
        "client-3: UNSW": {
            "accuracy": [
                0.9523442387580872,
                0.42123326659202576,
                0.9505332112312317,
                0.8489950299263,
                0.8960583209991455
            ],
            "precision": [
                0.3776290714740753,
                0.039753660559654236,
                0.3831658363342285,
                0.12028820812702179,
                0.15445992350578308
            ],
            "recall": [
                0.3390558063983917,
                0.5965664982795715,
                0.4363376200199127,
                0.45379114151000977,
                0.37110158801078796
            ],
            "f1_score": [
                0.3573044240474701,
                0.0745401605963707,
                0.408026784658432,
                0.1901678740978241,
                0.21812982857227325
            ]
        },
        "client-4: CSE": {
            "accuracy": [
                0.6739881634712219,
                0.6734351515769958,
                0.6725659966468811,
                0.5812510848045349,
                0.6748375296592712
            ],
            "precision": [
                0.23238784074783325,
                0.24323692917823792,
                0.22391793131828308,
                0.09818312525749207,
                0.2345649003982544
            ],
            "recall": [
                0.8588957190513611,
                0.9393720626831055,
                0.8074702024459839,
                0.34518224000930786,
                0.870624303817749
            ],
            "f1_score": [
                0.365802139043808,
                0.38641679286956787,
                0.3506091237068176,
                0.15288099646568298,
                0.3695618808269501
            ]
        }
    },
    "model_UNSW": {
        "client-3: UNSW": {
            "accuracy": [
                0.9925659894943237,
                0.9923312664031982,
                0.9923871755599976,
                0.9924542307853699,
                0.9921523928642273
            ],
            "precision": [
                0.8582278490066528,
                0.8637658357620239,
                0.8569254279136658,
                0.8595104813575745,
                0.875504195690155
            ],