{
    "model_ToN": {
        "client-1: ToN": {
            "accuracy": 0.9387256503105164,
            "precision": 0.9537048935890198,
            "recall": 0.964817464351654,
            "f1_score": 0.9592289924621582
        },
        "client-2: BoT": {
            "accuracy": 0.05807320401072502,
            "precision": 0.9761468172073364,
            "recall": 0.042875565588474274,
            "f1_score": 0.082143135368824
        },
        "client-3: UNSW": {
            "accuracy": 0.5754333138465881,
            "precision": 0.15461371839046478,
            "recall": 0.3406617343425751,
            "f1_score": 0.21269367635250092
        },
        "client-4: CSE": {
            "accuracy": 0.6599487662315369,
            "precision": 0.11691225320100784,
            "recall": 0.3770761489868164,
            "f1_score": 0.17848524451255798
        }
    },
    "model_BoT": {
        "client-2: BoT": {
            "accuracy": 0.9964348077774048,
            "precision": 0.9985482692718506,
            "recall": 0.9978240132331848,
            "f1_score": 0.9981860518455505
        },
        "client-1: ToN": {
            "accuracy": 0.5522669553756714,
            "precision": 0.7808020114898682,
            "recall": 0.5570947527885437,
            "f1_score": 0.6502454876899719
        },
        "client-3: UNSW": {
            "accuracy": 0.4887683689594269,
            "precision": 0.14102663099765778,
            "recall": 0.40008705854415894,
            "f1_score": 0.20854371786117554
        },
        "client-4: CSE": {
            "accuracy": 0.7040581107139587,
            "precision": 0.23936372995376587,
            "recall": 0.9279723763465881,
            "f1_score": 0.38056379556655884
        }
    },
    "model_UNSW": {
        "client-3: UNSW": {
            "accuracy": 0.9736890196800232,
            "precision": 0.8961569666862488,
            "recall": 0.9542881846427917,
            "f1_score": 0.924309492111206
        },
        "client-1: ToN": {
            "accuracy": 0.24309031665325165,
            "precision": 0.284957617521286,
            "recall": 0.00870662834495306,
            "f1_score": 0.016896983608603477
        },
        "client-2: BoT": {
            "accuracy": 0.016716843470931053,
            "precision": 0.4516128897666931,
            "recall": 0.0011283042840659618,
            "f1_score": 0.0022509845439344645
        },
        "client-4: CSE": {
            "accuracy": 0.668615996837616,
            "precision": 0.011464023031294346,
            "recall": 0.027955928817391396,
            "f1_score": 0.016260161995887756
        }
    },
    "model_CSE": {
        "client-4: CSE": {
            "accuracy": 0.9928954839706421,
            "precision": 0.9957805871963501,
            "recall": 0.9314257502555847,
            "f1_score": 0.9625287055969238
        },
        "client-1: ToN": {
            "accuracy": 0.3230806291103363,
            "precision": 0.7018080949783325,
            "recall": 0.1633221060037613,
            "f1_score": 0.2649792432785034
        },
        "client-2: BoT": {
            "accuracy": 0.11828553676605225,
            "precision": 0.9961210489273071,
            "recall": 0.10348162800073624,
            "f1_score": 0.18748630583286285
        },
        "client-3: UNSW": {
            "accuracy": 0.7673788070678711,
            "precision": 0.1020871177315712,
            "recall": 0.04897692799568176,
            "f1_score": 0.06619594246149063
        }
    }
}