{
    "model_ToN": {
        "client-1: ToN": {
            "accuracy": 0.9522527456283569,
            "precision": 0.9595472812652588,
            "recall": 0.988576352596283,
            "f1_score": 0.9738454818725586
        },
        "client-2: BoT": {
            "accuracy": 0.05342114716768265,
            "precision": 0.7945425510406494,
            "recall": 0.046196918934583664,
            "f1_score": 0.08731698989868164
        },
        "client-3: UNSW": {
            "accuracy": 0.44753289222717285,
            "precision": 0.06105850264430046,
            "recall": 0.39541009068489075,
            "f1_score": 0.10578230023384094
        },
        "client-4: CSE": {
            "accuracy": 0.5006394386291504,
            "precision": 0.09269995242357254,
            "recall": 0.3858046233654022,
            "f1_score": 0.14948268234729767
        }
    },
    "model_BoT": {
        "client-2: BoT": {
            "accuracy": 0.9968898892402649,
            "precision": 0.9979487061500549,
            "recall": 0.9988800883293152,
            "f1_score": 0.9984142184257507
        },
        "client-1: ToN": {
            "accuracy": 0.4992915987968445,
            "precision": 0.8949585556983948,
            "recall": 0.5020877718925476,
            "f1_score": 0.6432825326919556
        },
        "client-3: UNSW": {
            "accuracy": 0.8983303904533386,
            "precision": 0.13132530450820923,
            "recall": 0.04100827872753143,
            "f1_score": 0.0625
        },
        "client-4: CSE": {
            "accuracy": 0.6940211057662964,
            "precision": 0.2540396749973297,
            "recall": 0.8728039264678955,
            "f1_score": 0.39353612065315247
        }
    },
    "model_UNSW": {
        "client-3: UNSW": {
            "accuracy": 0.9851071238517761,
            "precision": 0.8667115569114685,
            "recall": 0.9687734842300415,
            "f1_score": 0.9149049520492554
        },
        "client-1: ToN": {
            "accuracy": 0.09953244775533676,
            "precision": 0.4846678078174591,
            "recall": 0.02241392806172371,
            "f1_score": 0.04284638538956642
        },
        "client-2: BoT": {
            "accuracy": 0.023966336622834206,
            "precision": 0.7102803587913513,
            "recall": 0.0070928605273365974,
            "f1_score": 0.014045463874936104
        },
        "client-4: CSE": {
            "accuracy": 0.5880581736564636,
            "precision": 0.017586207017302513,
            "recall": 0.04778636619448662,
            "f1_score": 0.02571050450205803
        }
    },
    "model_CSE": {
        "client-4: CSE": {
            "accuracy": 0.9910209774971008,
            "precision": 0.9854320883750916,
            "recall": 0.9348793625831604,
            "f1_score": 0.9594902992248535
        },
        "client-1: ToN": {
            "accuracy": 0.3188934624195099,
            "precision": 0.907586395740509,
            "recall": 0.2700307369232178,
            "f1_score": 0.4162239730358124
        },
        "client-2: BoT": {
            "accuracy": 0.3798938989639282,
            "precision": 0.9685714244842529,
            "recall": 0.3796546757221222,
            "f1_score": 0.545491099357605
        },
        "client-3: UNSW": {
            "accuracy": 0.8440133333206177,
            "precision": 0.10326270014047623,
            "recall": 0.11550037562847137,
            "f1_score": 0.10903924703598022
        }
    }
}