{
    "model_BOT": {
        "client-1: BOT": {
            "accuracy": [
                0.9990299940109253
            ],
            "precision": [
                0.9992076754570007
            ],
            "recall": [
                0.9998193383216858
            ],
            "f1_score": [
                0.9995133876800537
            ],
            "final_loss": [
                0.004949854263737798
            ]
        },
        "client-2: UNSW": {
            "accuracy": [
                0.8896899819374084
            ],
            "precision": [
                0.16963282227516174
            ],
            "recall": [
                0.45536836981773376
            ],
            "f1_score": [
                0.2471848726272583
            ],
            "final_loss": [
                0.40242733324050906
            ]
        },
        "client-3: CSE": {
            "accuracy": [
                0.5737457275390625
            ],
            "precision": [
                0.07674899697303772
            ],
            "recall": [
                0.23268072307109833
            ],
            "f1_score": [
                0.11542531847953796
            ],
            "final_loss": [
                1.4149970841561081
            ]
        }
    },
    "model_UNSW": {
        "client-2: UNSW": {
            "accuracy": [
                0.9960799813270569
            ],
            "precision": [
                0.9283154010772705
            ],
            "recall": [
                0.9768669605255127
            ],
            "f1_score": [
                0.9519725441932678
            ],
            "final_loss": [
                0.011523205853700638
            ]
        },
        "client-1: BOT": {
            "accuracy": [
                0.003819999983534217
            ],
            "precision": [
                0.7400000095367432
            ],
            "recall": [
                0.00037132936995476484
            ],
            "f1_score": [
                0.0007422862108796835
            ],
            "final_loss": [
                6.981644544525146
            ]
        },
        "client-3: CSE": {
            "accuracy": [
                0.6382163763046265
            ],
            "precision": [
                0.004012775141745806
            ],
            "recall": [
                0.008199464529752731
            ],
            "f1_score": [
                0.005388464313000441
            ],
            "final_loss": [
                1.2498689631852908
            ]
        }
    },
    "model_CSE": {
        "client-3: CSE": {
            "accuracy": [
                0.9947099685668945
            ],
            "precision": [
                0.9971277117729187
            ],
            "recall": [
                0.9585006833076477
            ],
            "f1_score": [
                0.9774327278137207
            ],
            "final_loss": [
                0.030082868509237696
            ]
        },
        "client-1: BOT": {
            "accuracy": [
                0.5376600027084351
            ],
            "precision": [
                0.9958591461181641
            ],
            "recall": [
                0.5382369160652161
            ],
            "f1_score": [
                0.6987935304641724
            ],
            "final_loss": [
                1.6735865724182128
            ]
        },
        "client-2: UNSW": {
            "accuracy": [
                0.9135400056838989
            ],
            "precision": [
                0.02675856463611126
            ],
            "recall": [
                0.03319084644317627
            ],
            "f1_score": [
                0.029629629105329514
            ],
            "final_loss": [
                0.3034299563026428
            ]
        }
    }
}