{
    "model_ToN": {
        "client-1: ToN": {
            "accuracy": [
                0.9237658977508545
            ],
            "precision": [
                0.920424222946167
            ],
            "recall": [
                0.9828752279281616
            ],
            "f1_score": [
                0.9506251811981201
            ]
        },
        "client-2: BoT": {
            "accuracy": [
                0.5799991488456726
            ],
            "precision": [
                0.9918115735054016
            ],
            "recall": [
                0.5779250860214233
            ],
            "f1_score": [
                0.7303043603897095
            ]
        },
        "client-3: UNSW": {
            "accuracy": [
                0.7903902530670166
            ],
            "precision": [
                0.09185872972011566
            ],
            "recall": [
                0.32190588116645813
            ],
            "f1_score": [
                0.14293086528778076
            ]
        },
        "client-4: CSE": {
            "accuracy": [
                0.5210826992988586
            ],
            "precision": [
                0.07505052536725998
            ],
            "recall": [
                0.26414796710014343
            ],
            "f1_score": [
                0.11688992381095886
            ]
        }
    },
    "model_BoT": {
        "client-2: BoT": {
            "accuracy": [
                0.9955129027366638
            ],
            "precision": [
                0.9957104921340942
            ],
            "recall": [
                0.9997466802597046
            ],
            "f1_score": [
                0.9977244734764099
            ]
        },
        "client-1: ToN": {
            "accuracy": [
                0.6214712262153625
            ],
            "precision": [
                0.8466542959213257
            ],
            "recall": [
                0.6020892858505249
            ],
            "f1_score": [
                0.7037290334701538
            ]
        },
        "client-3: UNSW": {
            "accuracy": [
                0.6819573044776917
            ],
            "precision": [
                0.07922287285327911
            ],
            "recall": [
                0.45729225873947144
            ],
            "f1_score": [
                0.13504932820796967
            ]
        },
        "client-4: CSE": {
            "accuracy": [
                0.8397223353385925
            ],
            "precision": [
                0.4162328541278839
            ],
            "recall": [
                0.8341764211654663
            ],
            "f1_score": [
                0.5553568005561829
            ]
        }
    },
    "model_UNSW": {
        "client-3: UNSW": {
            "accuracy": [
                0.9739091992378235
            ],
            "precision": [
                0.7350157499313354
            ],
            "recall": [
                0.8123184442520142
            ],
            "f1_score": [
                0.7717361450195312
            ]
        },
        "client-1: ToN": {
            "accuracy": [
                0.2571982443332672
            ],
            "precision": [
                0.5819509029388428
            ],
            "recall": [
                0.0183599554002285
            ],
            "f1_score": [
                0.03559686616063118
            ]
        },
        "client-2: BoT": {
            "accuracy": [
                0.018031492829322815
            ],
            "precision": [
                0.9800000190734863
            ],
            "recall": [
                0.00206899456679821
            ],
            "f1_score": [
                0.004129271488636732
            ]
        },
        "client-4: CSE": {
            "accuracy": [
                0.8454126715660095
            ],
            "precision": [
                0.0016393442638218403
            ],
            "recall": [
                0.0004742333258036524
            ],
            "f1_score": [
                0.000735654728487134
            ]
        }
    },
    "model_CSE": {
        "client-4: CSE": {
            "accuracy": [
                0.9917300343513489
            ],
            "precision": [
                0.9932998418807983
            ],
            "recall": [
                0.9374011754989624
            ],
            "f1_score": [
                0.9645413160324097
            ]
        },
        "client-1: ToN": {
            "accuracy": [
                0.3781067430973053
            ],
            "precision": [
                0.8907381892204285
            ],
            "recall": [
                0.19046622514724731
            ],
            "f1_score": [
                0.31382694840431213
            ]
        },
        "client-2: BoT": {
            "accuracy": [
                0.278033971786499
            ],
            "precision": [
                0.9943556189537048
            ],
            "recall": [
                0.26778700947761536
            ],
            "f1_score": [
                0.4219420552253723
            ]
        },
        "client-3: UNSW": {
            "accuracy": [
                0.9175316095352173
            ],
            "precision": [
                0.049445003271102905
            ],
            "recall": [
                0.028471818193793297
            ],
            "f1_score": [
                0.03613569214940071
            ]
        }
    }
}