{
    "client-1: ToN": {
        "epoch_0": {
            "loss": 0.21258253320262405,
            "acc": 0.9266901753024347
        },
        "epoch_1": {
            "loss": 0.1662039375789503,
            "acc": 0.9409809512561372
        },
        "epoch_2": {
            "loss": 0.15258430006941764,
            "acc": 0.9429718739982116
        },
        "epoch_3": {
            "loss": 0.14390345472164826,
            "acc": 0.9449290522870303
        },
        "epoch_4": {
            "loss": 0.13770125421847784,
            "acc": 0.9478142030403752
        },
        "epoch_5": {
            "loss": 0.13415723002220273,
            "acc": 0.9494845534765223
        },
        "epoch_6": {
            "loss": 0.13017364140244778,
            "acc": 0.9501425703150045
        },
        "epoch_7": {
            "loss": 0.12666991708634293,
            "acc": 0.9513067539523191
        },
        "epoch_8": {
            "loss": 0.12368459342360491,
            "acc": 0.952116620830451
        },
        "epoch_9": {
            "loss": 0.12078868495080267,
            "acc": 0.9536351212269483
        }
    },
    "client-2: BoT": {
        "epoch_0": {
            "loss": 0.13556425890510077,
            "acc": 0.9458626217782711
        },
        "epoch_1": {
            "loss": 0.03360320179646138,
            "acc": 0.9913676162288815
        },
        "epoch_2": {
            "loss": 0.022159145298538085,
            "acc": 0.9947589098532494
        },
        "epoch_3": {
            "loss": 0.017279740198632387,
            "acc": 0.9959304476507584
        },
        "epoch_4": {
            "loss": 0.01565639669311511,
            "acc": 0.9961770871870761
        },
        "epoch_5": {
            "loss": 0.014899108777453676,
            "acc": 0.9963004069552349
        },
        "epoch_6": {
            "loss": 0.014160790945128671,
            "acc": 0.996608706375632
        },
        "epoch_7": {
            "loss": 0.013714431953532714,
            "acc": 0.9966703662597114
        },
        "epoch_8": {
            "loss": 0.013552984748325551,
            "acc": 0.9964853866074732
        },
        "epoch_9": {
            "loss": 0.01291086164186321,
            "acc": 0.9967320261437909
        }
    },
    "client-3: UNSW": {
        "epoch_0": {
            "loss": 0.10061321163010183,
            "acc": 0.9585766394789987
        },
        "epoch_1": {
            "loss": 0.05203851777487115,
            "acc": 0.9780046025956134
        },
        "epoch_2": {
            "loss": 0.04722344569390315,
            "acc": 0.9800554190084068
        },
        "epoch_3": {
            "loss": 0.0458138259924238,
            "acc": 0.9806659674061086
        },
        "epoch_4": {
            "loss": 0.044964387719792887,
            "acc": 0.9809947242356404
        },
        "epoch_5": {
            "loss": 0.04475682698586624,
            "acc": 0.980759897928832
        },
        "epoch_6": {
            "loss": 0.04439575155165939,
            "acc": 0.981292170890931
        },
        "epoch_7": {
            "loss": 0.0439887186890992,
            "acc": 0.9814956870234983
        },
        "epoch_8": {
            "loss": 0.04391625608031639,
            "acc": 0.9813547912394133
        },
        "epoch_9": {
            "loss": 0.04361897577549175,
            "acc": 0.9813234810651721
        }
    },
    "client-4: CSE": {
        "epoch_0": {
            "loss": 0.08114718708730215,
            "acc": 0.9780039636906364
        },
        "epoch_1": {
            "loss": 0.04746831558353191,
            "acc": 0.9909471263242886
        },
        "epoch_2": {
            "loss": 0.04604254985167431,
            "acc": 0.9912529666511708
        },
        "epoch_3": {
            "loss": 0.04549573310964319,
            "acc": 0.9913508355557731
        },
        "epoch_4": {
            "loss": 0.04507823134875362,
            "acc": 0.9914242372342248
        },
        "epoch_5": {
            "loss": 0.044758876532257234,
            "acc": 0.9915710405911282
        },
        "epoch_6": {
            "loss": 0.04450159176863448,
            "acc": 0.9916566758826552
        },
        "epoch_7": {
            "loss": 0.04431735205836562,
            "acc": 0.9917300775611069
        },
        "epoch_8": {
            "loss": 0.044216251235045294,
            "acc": 0.9916444422695799
        },
        "epoch_9": {
            "loss": 0.04391917344952015,
            "acc": 0.9917545447872574
        }
    }
}