{
    "client-1: BOT": {
        "epoch_0": {
            "loss": 0.08487453538338344
        },
        "epoch_1": {
            "loss": 0.013091338282823562
        },
        "epoch_2": {
            "loss": 0.009712315353949865
        },
        "epoch_3": {
            "loss": 0.008078219577719767
        },
        "epoch_4": {
            "loss": 0.007013755567024152
        },
        "epoch_5": {
            "loss": 0.0063369710800051686
        },
        "epoch_6": {
            "loss": 0.00574132138925294
        },
        "epoch_7": {
            "loss": 0.005328083267062902
        },
        "epoch_8": {
            "loss": 0.004947062650670608
        },
        "epoch_9": {
            "loss": 0.004703739482189218
        }
    },
    "client-2: UNSW": {
        "epoch_0": {
            "loss": 0.05797082157729628
        },
        "epoch_1": {
            "loss": 0.01651060577424839
        },
        "epoch_2": {
            "loss": 0.013553817384470257
        },
        "epoch_3": {
            "loss": 0.012613433974438674
        },
        "epoch_4": {
            "loss": 0.012141953439788479
        },
        "epoch_5": {
            "loss": 0.01179301563308336
        },
        "epoch_6": {
            "loss": 0.011437191901798633
        },
        "epoch_7": {
            "loss": 0.011216873371929078
        },
        "epoch_8": {
            "loss": 0.010998497395519507
        },
        "epoch_9": {
            "loss": 0.010918826603428728
        }
    },
    "client-3: CSE": {
        "epoch_0": {
            "loss": 0.09135634684865983
        },
        "epoch_1": {
            "loss": 0.03711281313107036
        },
        "epoch_2": {
            "loss": 0.03309815243936898
        },
        "epoch_3": {
            "loss": 0.03203770129941087
        },
        "epoch_4": {
            "loss": 0.0319176231221644
        },
        "epoch_5": {
            "loss": 0.0313802014508361
        },
        "epoch_6": {
            "loss": 0.03137244929181274
        },
        "epoch_7": {
            "loss": 0.031044394067780014
        },
        "epoch_8": {
            "loss": 0.030689537665027196
        },
        "epoch_9": {
            "loss": 0.03073237967884936
        }
    }
}