{
    "client-1: ToN": {
        "epoch_0": {
            "loss": 0.409491545847024,
            "acc": 0.8195150233620955
        },
        "epoch_1": {
            "loss": 0.26572216725061576,
            "acc": 0.9013505678523925
        },
        "epoch_2": {
            "loss": 0.22290377325465802,
            "acc": 0.9195627707104124
        },
        "epoch_3": {
            "loss": 0.19864878367068137,
            "acc": 0.9300671873401316
        },
        "epoch_4": {
            "loss": 0.18120167614175997,
            "acc": 0.9372889737730636
        },
        "epoch_5": {
            "loss": 0.16642017778142454,
            "acc": 0.9425838136489205
        },
        "epoch_6": {
            "loss": 0.15500228981601197,
            "acc": 0.9457641280993145
        },
        "epoch_7": {
            "loss": 0.141245999464433,
            "acc": 0.9511357047849665
        },
        "epoch_8": {
            "loss": 0.13163032260591628,
            "acc": 0.9554500187578868
        },
        "epoch_9": {
            "loss": 0.1260471544050145,
            "acc": 0.9576498073053443
        }
    },
    "client-2: BoT": {
        "epoch_0": {
            "loss": 0.19482079654154388,
            "acc": 0.9523126030977528
        },
        "epoch_1": {
            "loss": 0.07040315709367138,
            "acc": 0.9848540028706699
        },
        "epoch_2": {
            "loss": 0.060480292490016616,
            "acc": 0.9848540028706699
        },
        "epoch_3": {
            "loss": 0.0547709995983873,
            "acc": 0.9848540028706699
        },
        "epoch_4": {
            "loss": 0.050702782369046843,
            "acc": 0.9849182715996486
        },
        "epoch_5": {
            "loss": 0.04747703601449071,
            "acc": 0.985218192334883
        },
        "epoch_6": {
            "loss": 0.04477656045971892,
            "acc": 0.9855181130701172
        },
        "epoch_7": {
            "loss": 0.04278018263358034,
            "acc": 0.9856894963473939
        },
        "epoch_8": {
            "loss": 0.04107653453941166,
            "acc": 0.985946571263309
        },
        "epoch_9": {
            "loss": 0.0397357959377692,
            "acc": 0.9863536065468412
        }
    },
    "client-3: UNSW": {
        "epoch_0": {
            "loss": 0.06056072228985148,
            "acc": 0.9820976456590009
        },
        "epoch_1": {
            "loss": 0.02456924336170486,
            "acc": 0.9903017535646712
        },
        "epoch_2": {
            "loss": 0.020343914294411673,
            "acc": 0.9914603936255291
        },
        "epoch_3": {
            "loss": 0.018464431601909147,
            "acc": 0.9916437474398736
        },
        "epoch_4": {
            "loss": 0.017469744674016633,
            "acc": 0.9920689722433534
        },
        "epoch_5": {
            "loss": 0.016974642565272452,
            "acc": 0.9921665008680047
        },
        "epoch_6": {
            "loss": 0.016619674861917975,
            "acc": 0.992330348957419
        },
        "epoch_7": {
            "loss": 0.016472967228979504,
            "acc": 0.9924278775820703
        },
        "epoch_8": {
            "loss": 0.01628748053510763,
            "acc": 0.9924434821620145
        },
        "epoch_9": {
            "loss": 0.016139926769821494,
            "acc": 0.9925605165115962
        }
    },
    "client-4: CSE": {
        "epoch_0": {
            "loss": 0.14218397244302605,
            "acc": 0.9594636538580917
        },
        "epoch_1": {
            "loss": 0.06895389606798892,
            "acc": 0.9850497651416392
        },
        "epoch_2": {
            "loss": 0.057123338593784836,
            "acc": 0.9870051937840131
        },
        "epoch_3": {
            "loss": 0.05122488280839779,
            "acc": 0.9895917396072589
        },
        "epoch_4": {
            "loss": 0.04808167423470576,
            "acc": 0.9903883957208186
        },
        "epoch_5": {
            "loss": 0.04604459681455696,
            "acc": 0.9908953587021748
        },
        "epoch_6": {
            "loss": 0.044542887101425226,
            "acc": 0.9916713224491485
        },
        "epoch_7": {
            "loss": 0.04350755592676273,
            "acc": 0.9919403232147661
        },
        "epoch_8": {
            "loss": 0.04245626906549588,
            "acc": 0.9921472468806257
        },
        "epoch_9": {
            "loss": 0.041606143134063876,
            "acc": 0.9922403625302626
        }
    }
}