{
    "client-1: ToN": {
        "epoch_0": {
            "loss": 0.3887251380374974,
            "acc": 0.8296972231104115
        },
        "epoch_1": {
            "loss": 0.16518786135354233,
            "acc": 0.9438522271687533
        },
        "epoch_2": {
            "loss": 0.12731298232614133,
            "acc": 0.9545810069606709
        },
        "epoch_3": {
            "loss": 0.10974760630748731,
            "acc": 0.9618614260766903
        },
        "epoch_4": {
            "loss": 0.10019593207794575,
            "acc": 0.9655114740389109
        },
        "epoch_5": {
            "loss": 0.09478547236077135,
            "acc": 0.9667904665863197
        },
        "epoch_6": {
            "loss": 0.09054935357378568,
            "acc": 0.9681137319526772
        },
        "epoch_7": {
            "loss": 0.08783400681540621,
            "acc": 0.968827016257963
        },
        "epoch_8": {
            "loss": 0.08559666709125893,
            "acc": 0.9694025629042969
        },
        "epoch_9": {
            "loss": 0.08399845458204115,
            "acc": 0.9697715030622033
        }
    },
    "client-2: BoT": {
        "epoch_0": {
            "loss": 0.08226561928201644,
            "acc": 0.990654514961603
        },
        "epoch_1": {
            "loss": 0.016539314721270928,
            "acc": 0.9973905463853826
        },
        "epoch_2": {
            "loss": 0.010072115035979996,
            "acc": 0.9982953040868567
        },
        "epoch_3": {
            "loss": 0.0075923112565797046,
            "acc": 0.998538043957984
        },
        "epoch_4": {
            "loss": 0.006079467667804524,
            "acc": 0.9986594138935475
        },
        "epoch_5": {
            "loss": 0.004899498484719646,
            "acc": 0.9988194015358813
        },
        "epoch_6": {
            "loss": 0.003932508366755922,
            "acc": 0.9990014564392268
        },
        "epoch_7": {
            "loss": 0.0034108119082060613,
            "acc": 0.9991945449730779
        },
        "epoch_8": {
            "loss": 0.003073174344431918,
            "acc": 0.9992662635713655
        },
        "epoch_9": {
            "loss": 0.0028076458431792505,
            "acc": 0.9993324653544002
        }
    },
    "client-3: UNSW": {
        "epoch_0": {
            "loss": 0.09813309859604294,
            "acc": 0.9764581857024669
        },
        "epoch_1": {
            "loss": 0.026640203891294897,
            "acc": 0.9914755174207331
        },
        "epoch_2": {
            "loss": 0.019575068757009477,
            "acc": 0.9938248117597367
        },
        "epoch_3": {
            "loss": 0.016798268092713897,
            "acc": 0.9941040740882958
        },
        "epoch_4": {
            "loss": 0.01535904814453252,
            "acc": 0.9946067462797021
        },
        "epoch_5": {
            "loss": 0.014738389126815186,
            "acc": 0.9946905249782699
        },
        "epoch_6": {
            "loss": 0.014329690310213833,
            "acc": 0.9947812852350516
        },
        "epoch_7": {
            "loss": 0.01415561784944237,
            "acc": 0.9948511008171914
        },
        "epoch_8": {
            "loss": 0.0140050651833431,
            "acc": 0.9948511008171914
        },
        "epoch_9": {
            "loss": 0.013918349933179976,
            "acc": 0.9948964809455823
        }
    },
    "client-4: CSE": {
        "epoch_0": {
            "loss": 0.22920651923674118,
            "acc": 0.9215603249794903
        },
        "epoch_1": {
            "loss": 0.07920951174919776,
            "acc": 0.9790867229470452
        },
        "epoch_2": {
            "loss": 0.054665115782810886,
            "acc": 0.9874692354513457
        },
        "epoch_3": {
            "loss": 0.045845680181463996,
            "acc": 0.9898907031518777
        },
        "epoch_4": {
            "loss": 0.04068118562675366,
            "acc": 0.9911675973218302
        },
        "epoch_5": {
            "loss": 0.037485073353175115,
            "acc": 0.9927488289623415
        },
        "epoch_6": {
            "loss": 0.035287722623192644,
            "acc": 0.9934832085108635
        },
        "epoch_7": {
            "loss": 0.03386534107070908,
            "acc": 0.9938140101092968
        },
        "epoch_8": {
            "loss": 0.03307955903101318,
            "acc": 0.9941315796437928
        },
        "epoch_9": {
            "loss": 0.03249705915307029,
            "acc": 0.9942374361552915
        }
    }
}