{
    "client-1: BOT": {
        "epoch_0": {
            "loss": 0.06110764163366386
        },
        "epoch_1": {
            "loss": 0.012370484751888684
        },
        "epoch_2": {
            "loss": 0.008981191350434507
        },
        "epoch_3": {
            "loss": 0.007331625288171427
        },
        "epoch_4": {
            "loss": 0.006515418976896575
        },
        "epoch_5": {
            "loss": 0.006106586869678327
        },
        "epoch_6": {
            "loss": 0.005709559942122017
        },
        "epoch_7": {
            "loss": 0.005530349364466965
        },
        "epoch_8": {
            "loss": 0.0052469671607656134
        },
        "epoch_9": {
            "loss": 0.005008301422425679
        }
    },
    "client-2: UNSW": {
        "epoch_0": {
            "loss": 0.05790952960562464
        },
        "epoch_1": {
            "loss": 0.01715446985880049
        },
        "epoch_2": {
            "loss": 0.014428699946545057
        },
        "epoch_3": {
            "loss": 0.013254768280993992
        },
        "epoch_4": {
            "loss": 0.012542981436751604
        },
        "epoch_5": {
            "loss": 0.012093087923376607
        },
        "epoch_6": {
            "loss": 0.011766760275133169
        },
        "epoch_7": {
            "loss": 0.011654948830498202
        },
        "epoch_8": {
            "loss": 0.011172887661131241
        },
        "epoch_9": {
            "loss": 0.010965091572246516
        }
    },
    "client-3: CSE": {
        "epoch_0": {
            "loss": 0.1706529384977922
        },
        "epoch_1": {
            "loss": 0.052182407164931034
        },
        "epoch_2": {
            "loss": 0.03837379586814082
        },
        "epoch_3": {
            "loss": 0.03451831214236534
        },
        "epoch_4": {
            "loss": 0.03305911328092102
        },
        "epoch_5": {
            "loss": 0.03264923394527832
        },
        "epoch_6": {
            "loss": 0.03175245520781999
        },
        "epoch_7": {
            "loss": 0.0313682771419273
        },
        "epoch_8": {
            "loss": 0.03119799620911513
        },
        "epoch_9": {
            "loss": 0.030846179127362792
        }
    }
}