{
    "client-1: ToN": {
        "epoch_0": {
            "loss": 0.3599220981976828,
            "acc": 0.8607332717697856
        },
        "epoch_1": {
            "loss": 0.2389336806621408,
            "acc": 0.9143309955823995
        },
        "epoch_2": {
            "loss": 0.18827278959299487,
            "acc": 0.9293183916939127
        },
        "epoch_3": {
            "loss": 0.15819796398410357,
            "acc": 0.9457783213118027
        },
        "epoch_4": {
            "loss": 0.13946240353523892,
            "acc": 0.9569970299747922
        },
        "epoch_5": {
            "loss": 0.12432462631299385,
            "acc": 0.9636608680460229
        },
        "epoch_6": {
            "loss": 0.11136650234170001,
            "acc": 0.9662190830359149
        },
        "epoch_7": {
            "loss": 0.10187121452884779,
            "acc": 0.9687772980258068
        },
        "epoch_8": {
            "loss": 0.09490774463373403,
            "acc": 0.9699628122894153
        },
        "epoch_9": {
            "loss": 0.08850811090633029,
            "acc": 0.9716849277460254
        }
    },
    "client-2: BoT": {
        "epoch_0": {
            "loss": 0.3141917874284462,
            "acc": 0.8852708935970605
        },
        "epoch_1": {
            "loss": 0.12887623930599978,
            "acc": 0.9628645141114847
        },
        "epoch_2": {
            "loss": 0.10985183826143192,
            "acc": 0.962981784066922
        },
        "epoch_3": {
            "loss": 0.0947810570996209,
            "acc": 0.9688452818387929
        },
        "epoch_4": {
            "loss": 0.08213502945750195,
            "acc": 0.9756469392541631
        },
        "epoch_5": {
            "loss": 0.07241397720439263,
            "acc": 0.9801031975607849
        },
        "epoch_6": {
            "loss": 0.0651655078613444,
            "acc": 0.9821358767883668
        },
        "epoch_7": {
            "loss": 0.05979279909504559,
            "acc": 0.9824095066843874
        },
        "epoch_8": {
            "loss": 0.05563796832738149,
            "acc": 0.9834258462981784
        },
        "epoch_9": {
            "loss": 0.052354654713855864,
            "acc": 0.9842467359862404
        }
    },
    "client-3: UNSW": {
        "epoch_0": {
            "loss": 0.10785588592250141,
            "acc": 0.9688303382199872
        },
        "epoch_1": {
            "loss": 0.04286381000540624,
            "acc": 0.9831328927402465
        },
        "epoch_2": {
            "loss": 0.028921424455864014,
            "acc": 0.989378111636423
        },
        "epoch_3": {
            "loss": 0.02447722691886693,
            "acc": 0.9904566032530316
        },
        "epoch_4": {
            "loss": 0.02202671465423561,
            "acc": 0.9909770381610464
        },
        "epoch_5": {
            "loss": 0.020710578351016754,
            "acc": 0.9913783373672264
        },
        "epoch_6": {
            "loss": 0.0198692672888372,
            "acc": 0.991742014772827
        },
        "epoch_7": {
            "loss": 0.019377237349556882,
            "acc": 0.9919363940758205
        },
        "epoch_8": {
            "loss": 0.018907997651475005,
            "acc": 0.9921056921784277
        },
        "epoch_9": {
            "loss": 0.018707868501796645,
            "acc": 0.9920179079770758
        }
    },
    "client-4: CSE": {
        "epoch_0": {
            "loss": 0.17130480126277434,
            "acc": 0.9495014545535297
        },
        "epoch_1": {
            "loss": 0.08196089197382778,
            "acc": 0.9818680464568853
        },
        "epoch_2": {
            "loss": 0.06885425055387169,
            "acc": 0.9834336346072705
        },
        "epoch_3": {
            "loss": 0.060991492945216844,
            "acc": 0.9850436366058937
        },
        "epoch_4": {
            "loss": 0.054994950565727466,
            "acc": 0.9875752259554529
        },
        "epoch_5": {
            "loss": 0.05106293971400197,
            "acc": 0.9894072971952654
        },
        "epoch_6": {
            "loss": 0.04837686993832438,
            "acc": 0.98994026337412
        },
        "epoch_7": {
            "loss": 0.04648460454311281,
            "acc": 0.9907286091803424
        },
        "epoch_8": {
            "loss": 0.045093584497485316,
            "acc": 0.9915835757589216
        },
        "epoch_9": {
            "loss": 0.04423972522560575,
            "acc": 0.9917279207656947
        }
    }
}