{
    "client-1: ToN": {
        "epoch_0": {
            "loss": 0.4653499236195319
        },
        "epoch_1": {
            "loss": 0.19821146801575396
        },
        "epoch_2": {
            "loss": 0.16435305495548128
        },
        "epoch_3": {
            "loss": 0.1448528332607808
        },
        "epoch_4": {
            "loss": 0.13016942732199527
        },
        "epoch_5": {
            "loss": 0.11955701601691056
        },
        "epoch_6": {
            "loss": 0.11255479250515679
        },
        "epoch_7": {
            "loss": 0.10424326319020347
        },
        "epoch_8": {
            "loss": 0.09948363609323473
        },
        "epoch_9": {
            "loss": 0.0939541531071694
        }
    },
    "client-2: BoT": {
        "epoch_0": {
            "loss": 0.18663211409489755
        },
        "epoch_1": {
            "loss": 0.036564960330110904
        },
        "epoch_2": {
            "loss": 0.023718617252610253
        },
        "epoch_3": {
            "loss": 0.017285495532581383
        },
        "epoch_4": {
            "loss": 0.013472895481672952
        },
        "epoch_5": {
            "loss": 0.011546026602843184
        },
        "epoch_6": {
            "loss": 0.010289750980811148
        },
        "epoch_7": {
            "loss": 0.009311361752886875
        },
        "epoch_8": {
            "loss": 0.008475104989510533
        },
        "epoch_9": {
            "loss": 0.007779872011490094
        }
    },
    "client-3: UNSW": {
        "epoch_0": {
            "loss": 0.20042408252112165
        },
        "epoch_1": {
            "loss": 0.07838221881880467
        },
        "epoch_2": {
            "loss": 0.05469727548451369
        },
        "epoch_3": {
            "loss": 0.03902942339846638
        },
        "epoch_4": {
            "loss": 0.026533754974285298
        },
        "epoch_5": {
            "loss": 0.02057403946420998
        },
        "epoch_6": {
            "loss": 0.01765149662703061
        },
        "epoch_7": {
            "loss": 0.015922865020032758
        },
        "epoch_8": {
            "loss": 0.01482248592014383
        },
        "epoch_9": {
            "loss": 0.014007806929234926
        }
    },
    "client-4: CSE": {
        "epoch_0": {
            "loss": 0.37412082329596835
        },
        "epoch_1": {
            "loss": 0.149053892300623
        },
        "epoch_2": {
            "loss": 0.10262079963229395
        },
        "epoch_3": {
            "loss": 0.07739822160017147
        },
        "epoch_4": {
            "loss": 0.06282128473156828
        },
        "epoch_5": {
            "loss": 0.055138441293243655
        },
        "epoch_6": {
            "loss": 0.05041609663755224
        },
        "epoch_7": {
            "loss": 0.04700830111428144
        },
        "epoch_8": {
            "loss": 0.04429842740130838
        },
        "epoch_9": {
            "loss": 0.042333539338171966
        }
    }
}