{
    "client-1: ToN": {
        "epoch_0": {
            "loss": 0.5279727864598542
        },
        "epoch_1": {
            "loss": 0.38961045023893
        },
        "epoch_2": {
            "loss": 0.33733929958527886
        },
        "epoch_3": {
            "loss": 0.2942066216573269
        },
        "epoch_4": {
            "loss": 0.26475037063556345
        },
        "epoch_5": {
            "loss": 0.24785657901315608
        },
        "epoch_6": {
            "loss": 0.2365417353827198
        },
        "epoch_7": {
            "loss": 0.2295483632625124
        },
        "epoch_8": {
            "loss": 0.22184060950722975
        },
        "epoch_9": {
            "loss": 0.21723532283061986
        }
    },
    "client-2: BoT": {
        "epoch_0": {
            "loss": 0.2691913817880961
        },
        "epoch_1": {
            "loss": 0.09569102212449972
        },
        "epoch_2": {
            "loss": 0.07082852484500722
        },
        "epoch_3": {
            "loss": 0.056891197240495274
        },
        "epoch_4": {
            "loss": 0.046598136301308504
        },
        "epoch_5": {
            "loss": 0.03906015169860955
        },
        "epoch_6": {
            "loss": 0.03387585902363935
        },
        "epoch_7": {
            "loss": 0.029702735194942598
        },
        "epoch_8": {
            "loss": 0.02609425736366519
        },
        "epoch_9": {
            "loss": 0.02353339693544613
        }
    },
    "client-3: UNSW": {
        "epoch_0": {
            "loss": 0.3243904319947776
        },
        "epoch_1": {
            "loss": 0.13482705301428613
        },
        "epoch_2": {
            "loss": 0.10207625622713476
        },
        "epoch_3": {
            "loss": 0.08075202374711343
        },
        "epoch_4": {
            "loss": 0.06822833042313581
        },
        "epoch_5": {
            "loss": 0.0623757948985041
        },
        "epoch_6": {
            "loss": 0.058949907983821076
        },
        "epoch_7": {
            "loss": 0.056924189914193686
        },
        "epoch_8": {
            "loss": 0.055528296201131186
        },
        "epoch_9": {
            "loss": 0.05456206096317942
        }
    },
    "client-4: CSE": {
        "epoch_0": {
            "loss": 0.2994086440897723
        },
        "epoch_1": {
            "loss": 0.08882254108318764
        },
        "epoch_2": {
            "loss": 0.061973991483531825
        },
        "epoch_3": {
            "loss": 0.05340502593191289
        },
        "epoch_4": {
            "loss": 0.049531344025937084
        },
        "epoch_5": {
            "loss": 0.047291805569248994
        },
        "epoch_6": {
            "loss": 0.04587117096073873
        },
        "epoch_7": {
            "loss": 0.04489250559574983
        },
        "epoch_8": {
            "loss": 0.04407343441764285
        },
        "epoch_9": {
            "loss": 0.043298236038405914
        }
    }
}