{
    "client-1: ToN": {
        "epoch_0": {
            "loss": 0.3584510482313098,
            "acc": 0.8473658694246929
        },
        "epoch_1": {
            "loss": 0.2574045915486509,
            "acc": 0.8905946994182288
        },
        "epoch_2": {
            "loss": 0.22686019375120814,
            "acc": 0.9056237879767292
        },
        "epoch_3": {
            "loss": 0.20774688364115546,
            "acc": 0.9143503555268261
        },
        "epoch_4": {
            "loss": 0.19587495195803983,
            "acc": 0.9209760827407886
        },
        "epoch_5": {
            "loss": 0.17950614260987613,
            "acc": 0.9281472204266322
        },
        "epoch_6": {
            "loss": 0.17500211025871765,
            "acc": 0.929945054945055
        },
        "epoch_7": {
            "loss": 0.17506688862133582,
            "acc": 0.9307328700711054
        },
        "epoch_8": {
            "loss": 0.16451373023029753,
            "acc": 0.9338639301874596
        },
        "epoch_9": {
            "loss": 0.165626648093472,
            "acc": 0.9340053329023917
        }
    },
    "client-2: BoT": {
        "epoch_0": {
            "loss": 0.4543193718376984,
            "acc": 0.8053465780439705
        },
        "epoch_1": {
            "loss": 0.05184775848069795,
            "acc": 0.9834197648089986
        },
        "epoch_2": {
            "loss": 0.034348147746101246,
            "acc": 0.9900664670221313
        },
        "epoch_3": {
            "loss": 0.027707818398183696,
            "acc": 0.9916733620626689
        },
        "epoch_4": {
            "loss": 0.02323088449892711,
            "acc": 0.9927689723175809
        },
        "epoch_5": {
            "loss": 0.019582173573256593,
            "acc": 0.9940837046234753
        },
        "epoch_6": {
            "loss": 0.016535164078666408,
            "acc": 0.994887152143744
        },
        "epoch_7": {
            "loss": 0.014344312874534308,
            "acc": 0.9954714776130305
        },
        "epoch_8": {
            "loss": 0.012886285202972388,
            "acc": 0.9962018844496384
        },
        "epoch_9": {
            "loss": 0.011921623249425119,
            "acc": 0.9962749251332993
        }
    },
    "client-3: UNSW": {
        "epoch_0": {
            "loss": 0.2511136765979088,
            "acc": 0.8787653862806952
        },
        "epoch_1": {
            "loss": 0.10040209538072832,
            "acc": 0.9616502752520567
        },
        "epoch_2": {
            "loss": 0.08131460970222835,
            "acc": 0.9668151172140781
        },
        "epoch_3": {
            "loss": 0.07642969870025637,
            "acc": 0.9682377682934372
        },
        "epoch_4": {
            "loss": 0.073568138925,
            "acc": 0.9699387641491928
        },
        "epoch_5": {
            "loss": 0.07250499197575055,
            "acc": 0.9690728026226263
        },
        "epoch_6": {
            "loss": 0.07210394614338396,
            "acc": 0.9705263808993629
        },
        "epoch_7": {
            "loss": 0.07217287988331497,
            "acc": 0.9698150553596833
        },
        "epoch_8": {
            "loss": 0.07072526936817311,
            "acc": 0.9702171089255892
        },
        "epoch_9": {
            "loss": 0.06905400835674895,
            "acc": 0.9708047256757593
        }
    },
    "client-4: CSE": {
        "epoch_0": {
            "loss": 0.06509675333214056,
            "acc": 0.9834005501989798
        },
        "epoch_1": {
            "loss": 0.043135557269866016,
            "acc": 0.9912662589140248
        },
        "epoch_2": {
            "loss": 0.03982508950340043,
            "acc": 0.99238802382415
        },
        "epoch_3": {
            "loss": 0.038245173758347795,
            "acc": 0.9929355519350445
        },
        "epoch_4": {
            "loss": 0.03865986833385834,
            "acc": 0.9928821345583718
        },
        "epoch_5": {
            "loss": 0.03697896765138613,
            "acc": 0.9932159931625758
        },
        "epoch_6": {
            "loss": 0.03665618672764728,
            "acc": 0.9933495366042574
        },
        "epoch_7": {
            "loss": 0.036373039423028025,
            "acc": 0.9933895996367619
        },
        "epoch_8": {
            "loss": 0.03626122161547428,
            "acc": 0.9934163083250982
        },
        "epoch_9": {
            "loss": 0.03621096019517573,
            "acc": 0.99340295398093
        }
    }
}