{
    "client-1: BOT": {
        "epoch_0": {
            "loss": 0.03185485556324323
        },
        "epoch_1": {
            "loss": 0.009425795235236486
        },
        "epoch_2": {
            "loss": 0.00772444572225213
        },
        "epoch_3": {
            "loss": 0.006790221360623836
        },
        "epoch_4": {
            "loss": 0.006114083049769203
        },
        "epoch_5": {
            "loss": 0.005543375785176953
        },
        "epoch_6": {
            "loss": 0.005198125977317492
        },
        "epoch_7": {
            "loss": 0.004811495973418157
        },
        "epoch_8": {
            "loss": 0.004686017605240146
        },
        "epoch_9": {
            "loss": 0.004501575382550557
        }
    },
    "client-2: UNSW": {
        "epoch_0": {
            "loss": 0.0646785026495867
        },
        "epoch_1": {
            "loss": 0.014644118625103454
        },
        "epoch_2": {
            "loss": 0.012731370022535759
        },
        "epoch_3": {
            "loss": 0.011897449751728508
        },
        "epoch_4": {
            "loss": 0.011464536171828585
        },
        "epoch_5": {
            "loss": 0.011310489185562907
        },
        "epoch_6": {
            "loss": 0.011120882942118587
        },
        "epoch_7": {
            "loss": 0.010939799238592316
        },
        "epoch_8": {
            "loss": 0.010803665167162458
        },
        "epoch_9": {
            "loss": 0.010789760407010839
        }
    },
    "client-3: CSE": {
        "epoch_0": {
            "loss": 0.06305884889345796
        },
        "epoch_1": {
            "loss": 0.03429853765308323
        },
        "epoch_2": {
            "loss": 0.03262615079514679
        },
        "epoch_3": {
            "loss": 0.032140386813988814
        },
        "epoch_4": {
            "loss": 0.03160712431916938
        },
        "epoch_5": {
            "loss": 0.031027913211437438
        },
        "epoch_6": {
            "loss": 0.030615431616065142
        },
        "epoch_7": {
            "loss": 0.03070742217639147
        },
        "epoch_8": {
            "loss": 0.030176416534369154
        },
        "epoch_9": {
            "loss": 0.0301332229341397
        }
    }
}