{
    "client-1: BOT": {
        "epoch_0": {
            "loss": 0.033269816343188284
        },
        "epoch_1": {
            "loss": 0.01037588822265466
        },
        "epoch_2": {
            "loss": 0.008315974987844626
        },
        "epoch_3": {
            "loss": 0.0072145338443169995
        },
        "epoch_4": {
            "loss": 0.006410495536625385
        },
        "epoch_5": {
            "loss": 0.005809982939834396
        },
        "epoch_6": {
            "loss": 0.004914103785355886
        },
        "epoch_7": {
            "loss": 0.004611254478991031
        },
        "epoch_8": {
            "loss": 0.004435076799094677
        },
        "epoch_9": {
            "loss": 0.004239741338267922
        }
    },
    "client-2: UNSW": {
        "epoch_0": {
            "loss": 0.05436412392593662
        },
        "epoch_1": {
            "loss": 0.015207846981425813
        },
        "epoch_2": {
            "loss": 0.013144579157999412
        },
        "epoch_3": {
            "loss": 0.012251072098193694
        },
        "epoch_4": {
            "loss": 0.011686363621946371
        },
        "epoch_5": {
            "loss": 0.011220750857315288
        },
        "epoch_6": {
            "loss": 0.01111655093660379
        },
        "epoch_7": {
            "loss": 0.010887864128314509
        },
        "epoch_8": {
            "loss": 0.010754270305421287
        },
        "epoch_9": {
            "loss": 0.010627755838265883
        }
    },
    "client-3: CSE": {
        "epoch_0": {
            "loss": 0.12563888010941993
        },
        "epoch_1": {
            "loss": 0.03722156972170183
        },
        "epoch_2": {
            "loss": 0.03383158126610848
        },
        "epoch_3": {
            "loss": 0.03274149217374984
        },
        "epoch_4": {
            "loss": 0.03206432829046642
        },
        "epoch_5": {
            "loss": 0.031517836963331006
        },
        "epoch_6": {
            "loss": 0.03162976788186763
        },
        "epoch_7": {
            "loss": 0.031295408849543224
        },
        "epoch_8": {
            "loss": 0.030953754462775648
        },
        "epoch_9": {
            "loss": 0.030803791282382562
        }
    }
}