{
    "client-1: ToN": {
        "epoch_0": {
            "loss": 0.3227314495692288,
            "acc": 0.8756386861313868
        },
        "epoch_1": {
            "loss": 0.2307860343560685,
            "acc": 0.9134428223844282
        },
        "epoch_2": {
            "loss": 0.185617152675805,
            "acc": 0.9287408759124087
        },
        "epoch_3": {
            "loss": 0.1616019866544835,
            "acc": 0.9467153284671533
        },
        "epoch_4": {
            "loss": 0.14585897140839385,
            "acc": 0.9548357664233577
        },
        "epoch_5": {
            "loss": 0.13322378100777485,
            "acc": 0.9590176399026764
        },
        "epoch_6": {
            "loss": 0.12148188821010636,
            "acc": 0.9633515815085159
        },
        "epoch_7": {
            "loss": 0.10977213384896299,
            "acc": 0.9658150851581508
        },
        "epoch_8": {
            "loss": 0.0987835223186045,
            "acc": 0.9673053527980535
        },
        "epoch_9": {
            "loss": 0.08945254990944317,
            "acc": 0.9689020681265207
        }
    },
    "client-2: BoT": {
        "epoch_0": {
            "loss": 0.273465718514794,
            "acc": 0.9499621262754534
        },
        "epoch_1": {
            "loss": 0.13176054913801757,
            "acc": 0.9665374504299782
        },
        "epoch_2": {
            "loss": 0.10928642046557537,
            "acc": 0.9669830236599385
        },
        "epoch_3": {
            "loss": 0.09138485601050929,
            "acc": 0.9734438354943635
        },
        "epoch_4": {
            "loss": 0.07836352480971409,
            "acc": 0.9778104531479749
        },
        "epoch_5": {
            "loss": 0.06936036693825684,
            "acc": 0.9783005837009312
        },
        "epoch_6": {
            "loss": 0.06269821268499086,
            "acc": 0.980528449850733
        },
        "epoch_7": {
            "loss": 0.057628707055857126,
            "acc": 0.9838256917524395
        },
        "epoch_8": {
            "loss": 0.05350178514441635,
            "acc": 0.9848059528583523
        },
        "epoch_9": {
            "loss": 0.05023259907454294,
            "acc": 0.9852515260883126
        }
    },
    "client-3: UNSW": {
        "epoch_0": {
            "loss": 0.13392599050219964,
            "acc": 0.9563546464164138
        },
        "epoch_1": {
            "loss": 0.04424537149690201,
            "acc": 0.9830794350056222
        },
        "epoch_2": {
            "loss": 0.03082826201874146,
            "acc": 0.9895642396143005
        },
        "epoch_3": {
            "loss": 0.026433016476704468,
            "acc": 0.9905115448006038
        },
        "epoch_4": {
            "loss": 0.023993378700682598,
            "acc": 0.9907811031869503
        },
        "epoch_5": {
            "loss": 0.022221998235046118,
            "acc": 0.99124320327783
        },
        "epoch_6": {
            "loss": 0.020936932824103905,
            "acc": 0.9915820766778084
        },
        "epoch_7": {
            "loss": 0.020306958020212224,
            "acc": 0.9915897783459897
        },
        "epoch_8": {
            "loss": 0.019771263711097654,
            "acc": 0.9918824417368802
        },
        "epoch_9": {
            "loss": 0.01936001933944596,
            "acc": 0.9919979667596002
        }
    },
    "client-4: CSE": {
        "epoch_0": {
            "loss": 0.19123498732648672,
            "acc": 0.9492502253421103
        },
        "epoch_1": {
            "loss": 0.08124304713463029,
            "acc": 0.9824642866897927
        },
        "epoch_2": {
            "loss": 0.06948143816378421,
            "acc": 0.9840485100106525
        },
        "epoch_3": {
            "loss": 0.06253365013491073,
            "acc": 0.9852913058916719
        },
        "epoch_4": {
            "loss": 0.05707613183091591,
            "acc": 0.9862609598208188
        },
        "epoch_5": {
            "loss": 0.05293861703269458,
            "acc": 0.9878588402392724
        },
        "epoch_6": {
            "loss": 0.049890809606715256,
            "acc": 0.9896888913168174
        },
        "epoch_7": {
            "loss": 0.047588723589743545,
            "acc": 0.9899347190735025
        },
        "epoch_8": {
            "loss": 0.045810998028306994,
            "acc": 0.990740487831526
        },
        "epoch_9": {
            "loss": 0.044394026557007756,
            "acc": 0.9915872278823304
        }
    }
}