{
    "client-1: BOT": {
        "accuracy": [
            0.9980700016021729,
            0.9981799721717834,
            0.9980400204658508,
            0.9980400204658508,
            0.9983699917793274,
            0.9982500076293945,
            0.9982500076293945,
            0.9983100295066833,
            0.9983900189399719,
            0.9981399774551392,
            0.9983599781990051,
            0.9982600212097168,
            0.9983800053596497,
            0.9983400106430054,
            0.9982500076293945,
            0.9983599781990051,
            0.9982799887657166,
            0.9982100129127502,
            0.9982900023460388,
            0.9983100295066833,
            0.9982900023460388,
            0.9981600046157837,
            0.9983299970626831,
            0.9980000257492065,
            0.998199999332428,
            0.9982200264930725,
            0.9983100295066833,
            0.9983699917793274,
            0.9983100295066833,
            0.9983100295066833
        ],
        "precision": [
            0.999136745929718,
            0.9989365339279175,
            0.9988362789154053,
            0.9991366863250732,
            0.9990368485450745,
            0.9989766478538513,
            0.9990567564964294,
            0.9989867210388184,
            0.9992772936820984,
            0.9989665150642395,
            0.9991169571876526,
            0.9991970062255859,
            0.9990668892860413,
            0.9990367889404297,
            0.9990867972373962,
            0.9990668892860413,
            0.99892657995224,
            0.999106764793396,
            0.9990367293357849,
            0.9990568161010742,
            0.9990467429161072,
            0.9990967512130737,
            0.9990668296813965,
            0.9989362955093384,
            0.9990466833114624,
            0.9991769194602966,
            0.9991068840026855,
            0.9990068078041077,
            0.9990668296813965,
            0.9990768432617188
        ],
        "recall": [
            0.9989261627197266,
            0.9992372989654541,
            0.9991971254348755,
            0.998896062374115,
            0.9993276000022888,
            0.9992673993110657,
            0.9991871118545532,
            0.9993175864219666,
            0.9991068243980408,
            0.9991670250892639,
            0.9992372989654541,
            0.9990566372871399,
            0.9993075132369995,
            0.9992974996566772,
            0.9991570115089417,
            0.9992874264717102,
            0.9993476867675781,
            0.9990967512130737,
            0.9992473125457764,
            0.9992473125457764,
            0.9992372989654541,
            0.9990566372871399,
            0.9992573261260986,
            0.9990566372871399,
            0.9991469383239746,
            0.9990365505218506,
            0.9991971254348755,
            0.9993577003479004,
            0.9992372989654541,
            0.9992272257804871
        ],
        "f1_score": [
            0.9990314841270447,
            0.9990869164466858,
            0.9990167021751404,
            0.9990163445472717,
            0.9991822242736816,
            0.9991220235824585,
            0.9991219639778137,
            0.9991521239280701,
            0.9991920590400696,
            0.9990667104721069,
            0.9991771578788757,
            0.9991268515586853,
            0.999187171459198,
            0.9991670846939087,
            0.999121904373169,
            0.9991771578788757,
            0.9991371035575867,
            0.9991017580032349,
            0.9991419911384583,
            0.9991520643234253,
            0.9991419911384583,
            0.9990766644477844,
            0.9991620779037476,
            0.9989964365959167,
            0.9990968108177185,
            0.9991067051887512,
            0.9991520047187805,
            0.9991822838783264,
            0.9991520643234253,
            0.9991520047187805
        ],
        "final_loss": [
            0.008391076506450773,
            0.007879427600353955,
            0.007179003317169845,
            0.007317633479982615,
            0.006808007892146707,
            0.007159426709450781,
            0.007690644696503878,
            0.006319475222900509,
            0.007346401972174644,
            0.007504161332398653,
            0.007414817126020789,
            0.006885181347578764,
            0.00576003420393914,
            0.007285509981885553,
            0.007513163539581001,
            0.0063958077666908504,
            0.007637675149850547,
            0.004819452723152935,
            0.007494187953285873,
            0.006766805485598743,
            0.006019332224316895,
            0.006935302548967302,
            0.004882160826586187,
            0.005831257658451796,
            0.006999545450918377,
            0.006384642568826675,
            0.005105920726135373,
            0.005589058430194855,
            0.005948340909816325,
            0.0059655466080456975
        ]
    },
    "client-2: UNSW": {
        "accuracy": [
            0.9950199723243713,
            0.995199978351593,
            0.9952600002288818,
            0.9950500130653381,
            0.9950199723243713,
            0.9950600266456604,
            0.9944400191307068,
            0.994920015335083,
            0.9951599836349487,
            0.9955599904060364,
            0.9950399994850159,
            0.9956099987030029,
            0.995199978351593,
            0.9954299926757812,
            0.995169997215271,
            0.9954400062561035,
            0.9957299828529358,
            0.9956499934196472,
            0.9950600266456604,
            0.9953500032424927,
            0.9952700138092041,
            0.9953399896621704,
            0.9950500130653381,
            0.994979977607727,
            0.9953799843788147,
            0.9948199987411499,
            0.9954000115394592,
            0.9953200221061707,
            0.9957299828529358,
            0.9951800107955933
        ],
        "precision": [
            0.9298245906829834,
            0.9257365465164185,
            0.9256379008293152,
            0.9075374603271484,
            0.9057615995407104,
            0.9205505847930908,
            0.9114746451377869,
            0.9348207712173462,
            0.9294320344924927,
            0.9241296648979187,
            0.9298592209815979,
            0.9217930436134338,
            0.9144346714019775,
            0.9031149744987488,
            0.906657338142395,
            0.9280330538749695,
            0.914332389831543,
            0.9137850403785706,
            0.8973305821418762,
            0.9262135624885559,
            0.905367910861969,
            0.9239314198493958,
            0.9223678112030029,
            0.8946173191070557,
            0.9052340388298035,
            0.9301168918609619,
            0.9024948477745056,
            0.9111788272857666,
            0.9250478744506836,
            0.9085807800292969
        ],