{
    "client-1: ToN": {
        "accuracy": [
            0.9061173796653748
        ],
        "precision": [
            0.9667068719863892
        ],
        "recall": [
            0.9054452776908875
        ],
        "f1_score": [
            0.9350737929344177
        ],
        "final_loss": [
            0.23711058802516796
        ]
    },
    "client-2: BoT": {
        "accuracy": [
            0.9786745309829712
        ],
        "precision": [
            0.9899939894676208
        ],
        "recall": [
            0.988335907459259
        ],
        "f1_score": [
            0.9891642332077026
        ],
        "final_loss": [
            0.06540506023787433
        ]
    },
    "client-3: UNSW": {
        "accuracy": [
            0.9917715191841125
        ],
        "precision": [
            0.7864721417427063
        ],
        "recall": [
            0.8623363971710205
        ],
        "f1_score": [
            0.8226590156555176
        ],
        "final_loss": [
            0.0183131276777682
        ]
    },
    "client-4: CSE": {
        "accuracy": [
            0.9201354384422302
        ],
        "precision": [
            0.6068181991577148
        ],
        "recall": [
            0.9497272968292236
        ],
        "f1_score": [
            0.7405011057853699
        ],
        "final_loss": [
            0.16155688338341861
        ]
    }
}