{
    "model_1": {
        "client-1: ToN": {
            "accuracy": 0.8661818504333496,
            "precision": 0.963043212890625,
            "recall": 0.8851690888404846,
            "f1_score": 0.9224655628204346,
            "final_loss": 0.32167549656875283
        },
        "client-2: BoT": {
            "accuracy": 0.9886807203292847,
            "precision": 0.9982741475105286,
            "recall": 0.9901369214057922,
            "f1_score": 0.9941889047622681,
            "final_loss": 0.027061672069150146
        },
        "client-3: UNSW": {
            "accuracy": 0.9807777404785156,
            "precision": 0.8551189303398132,
            "recall": 0.929671585559845,
            "f1_score": 0.8908381462097168,
            "final_loss": 0.05190448567197432
        },
        "client-4: CSE": {
            "accuracy": 0.9362493753433228,
            "precision": 0.6531995534896851,
            "recall": 0.9162705540657043,
            "f1_score": 0.7626873254776001,
            "final_loss": 0.1283073128028128
        }
    }
}