{
    "client-1: ToN": {
        "accuracy": [
            0.8388251662254333
        ],
        "precision": [
            0.9305485486984253
        ],
        "recall": [
            0.8473841547966003
        ],
        "f1_score": [
            0.8870213031768799
        ],
        "final_loss": [
            0.34455720222253083
        ]
    },
    "client-2: BoT": {
        "accuracy": [
            0.987535834312439
        ],
        "precision": [
            0.9947945475578308
        ],
        "recall": [
            0.9925262928009033
        ],
        "f1_score": [
            0.9936591386795044
        ],
        "final_loss": [
            0.043817751171665024
        ]
    },
    "client-3: UNSW": {
        "accuracy": [
            0.9708174467086792
        ],
        "precision": [
            0.7161868810653687
        ],
        "recall": [
            0.7661243677139282
        ],
        "f1_score": [
            0.7403144836425781
        ],
        "final_loss": [
            0.062436960128437406
        ]
    },
    "client-4: CSE": {
        "accuracy": [
            0.922914981842041
        ],
        "precision": [
            0.6160714030265808
        ],
        "recall": [
            0.9489408731460571
        ],
        "f1_score": [
            0.7471064329147339
        ],
        "final_loss": [
            0.16110912704619948
        ]
    }
}