{
    "model_1": {
        "client-1: ToN": {
            "accuracy": 0.958422839641571,
            "precision": 0.9486786127090454,
            "recall": 0.9878543615341187,
            "f1_score": 0.9678702354431152,
            "final_loss": 0.0002499689075668748
        },
        "client-2: BoT": {
            "accuracy": 0.986014187335968,
            "precision": 0.9992652535438538,
            "recall": 0.9866893887519836,
            "f1_score": 0.9929375052452087,
            "final_loss": 4.984333716827434e-05
        },
        "client-3: UNSW": {
            "accuracy": 0.9947407841682434,
            "precision": 0.8939509987831116,
            "recall": 0.965674102306366,
            "f1_score": 0.9284294247627258,
            "final_loss": 2.7522420173582503e-05
        }
    },
    "model_2": {
        "client-1: ToN": {
            "accuracy": 0.9616242051124573,
            "precision": 0.9568528532981873,
            "recall": 0.9838271737098694,
            "f1_score": 0.9701525568962097,
            "final_loss": 0.00019698411633266248
        },
        "client-2: BoT": {
            "accuracy": 0.9837274551391602,
            "precision": 0.9993535876274109,
            "recall": 0.9843056201934814,
            "f1_score": 0.991772472858429,
            "final_loss": 7.763590235870132e-05
        },
        "client-3: UNSW": {
            "accuracy": 0.9948137998580933,
            "precision": 0.89505934715271,
            "recall": 0.9665012359619141,
            "f1_score": 0.929409384727478,
            "final_loss": 2.7933146643507082e-05
        }
    }
}