{
    "client-1: BOT": {
        "accuracy": [
            0.9983299970626831,
            0.9981399774551392,
            0.9983800053596497,
            0.9984300136566162,
            0.9983100295066833,
            0.9984300136566162,
            0.9978700280189514,
            0.9984800219535828,
            0.9987300038337708,
            0.9982500076293945,
            0.9983699917793274,
            0.9983299970626831,
            0.9983500242233276,
            0.9989399909973145,
            0.9989299774169922,
            0.9982699751853943,
            0.9988300204277039,
            0.9982500076293945,
            0.9987599849700928,
            0.9981499910354614,
            0.9989699721336365,
            0.9983999729156494,
            0.9988300204277039,
            0.9983000159263611,
            0.9987800121307373,
            0.9989100098609924,
            0.9989799857139587,
            0.9987499713897705,
            0.9983199834823608,
            0.9989200234413147
        ],
        "precision": [
            0.9990668296813965,
            0.9990766644477844,
            0.9990068078041077,
            0.9990469217300415,
            0.9990668296813965,
            0.999066948890686,
            0.9989161491394043,
            0.9995079636573792,
            0.9993978142738342,
            0.999076783657074,
            0.999056875705719,
            0.9990367889404297,
            0.9990668296813965,
            0.9996686577796936,
            0.9997389316558838,
            0.9990367293357849,
            0.9995582699775696,
            0.9990267157554626,
            0.9996083974838257,
            0.9990265965461731,
            0.9996787309646606,
            0.9992071390151978,
            0.9996585845947266,
            0.9989867210388184,
            0.9996886849403381,
            0.9996486306190491,
            0.9996887445449829,
            0.999738872051239,
            0.9990968704223633,
            0.9995984435081482
        ],
        "recall": [
            0.9992573261260986,
            0.9990566372871399,
            0.9993677139282227,
            0.9993777871131897,
            0.9992372989654541,
            0.9993577003479004,
            0.9989462494850159,
            0.9989662766456604,
            0.9993276000022888,
            0.9991670250892639,
            0.9993075132369995,
            0.9992874264717102,
            0.9992774128913879,
            0.9992673993110657,
            0.9991871118545532,
            0.9992272257804871,
            0.9992673993110657,
            0.9992172122001648,
            0.9991469383239746,
            0.999116837978363,
            0.9992874264717102,
            0.9991871118545532,
            0.9991670250892639,
            0.9993075132369995,
            0.9990867376327515,
            0.9992573261260986,
            0.9992874264717102,
            0.999006450176239,
            0.9992172122001648,
            0.9993175864219666
        ],
        "f1_score": [
            0.9991620779037476,
            0.9990666508674622,
            0.9991872906684875,
            0.9992123246192932,
            0.9991520643234253,
            0.9992123246192932,
            0.9989312291145325,
            0.999237060546875,
            0.9993627071380615,
            0.999121904373169,
            0.9991821646690369,
            0.9991621375083923,
            0.9991721510887146,
            0.9994679689407349,
            0.9994629621505737,
            0.9991319179534912,
            0.9994127750396729,
            0.9991219639778137,
            0.9993776679039001,
            0.9990717172622681,
            0.999483048915863,
            0.9991971254348755,
            0.9994127750396729,
            0.9991471171379089,
            0.9993876218795776,
            0.9994529485702515,
            0.9994880557060242,
            0.9993724822998047,
            0.9991570115089417,
            0.9994580149650574
        ],
        "final_loss": [
            0.00911101817522198,
            0.007139925047159195,
            0.006411812044288963,
            0.006181566487923265,
            0.007062573483288288,
            0.007087009982466697,
            0.007167690920345486,
            0.004174234638176858,
            0.0038122538094222547,
            0.007635287843812257,
            0.006019018302075565,
            0.006782687210142612,
            0.006706311704069376,
            0.004129867874812335,
            0.004023424611911177,
            0.00717418417762965,
            0.0035852216391265394,
            0.0051985351610928775,
            0.004581474726572633,
            0.007422633886951953,
            0.003724097012821585,
            0.007545065176337957,
            0.004235346844941377,
            0.006854451206587255,
            0.0038140371443144976,
            0.004325770645625889,
            0.0038304434768110514,
            0.004405926602035761,
            0.007140531713888049,
            0.003943996093347669
        ]
    },
    "client-2: UNSW": {
        "accuracy": [
            0.9955499768257141,
            0.9959400296211243,
            0.9955000281333923,
            0.9955999851226807,
            0.9957399964332581,
            0.995389997959137,
            0.9940599799156189,
            0.9956700205802917,
            0.9958400130271912,
            0.9954400062561035,
            0.9955199956893921,
            0.9952899813652039,
            0.9953600168228149,
            0.995639979839325,
            0.9958000183105469,
            0.9959200024604797,
            0.9952899813652039,
            0.9951300024986267,
            0.9954000115394592,
            0.995710015296936,
            0.9955800175666809,
            0.9951599836349487,
            0.9956799745559692,
            0.9954299926757812,
            0.9945899844169617,
            0.9958400130271912,
            0.9954000115394592,
            0.9951900243759155,
            0.9952899813652039,
            0.9958199858665466
        ],
        "precision": [
            0.9237043857574463,
            0.9240085482597351,
            0.9217890501022339,
            0.9038593173027039,
            0.9226374626159668,
            0.9238187074661255,
            0.9351685047149658,
            0.9247363209724426,
            0.917859673500061,
            0.9141378402709961,
            0.9060989618301392,
            0.927769660949707,
            0.9051902890205383,
            0.9277603030204773,
            0.9199527502059937,
            0.9139410853385925,
            0.916389524936676,
            0.8958711624145508,
            0.9226147532463074,
            0.9142923951148987,
            0.9175525903701782,
            0.9060683846473694,
            0.9229300618171692,
            0.904970109462738,
            0.9084640741348267,
            0.9256514310836792,
            0.9036033749580383,
            0.8960126638412476,
            0.9061630964279175,
            0.9172332882881165
        ],