{
    "model_1": {
        "client-1: ToN": {
            "accuracy": 0.9352153539657593,
            "precision": 0.9644335508346558,
            "recall": 0.9634838104248047,
            "f1_score": 0.9639584422111511,
            "final_loss": 0.2228558178232087
        },
        "client-2: BoT": {
            "accuracy": 0.9914013743400574,
            "precision": 0.9984045028686523,
            "recall": 0.9928138256072998,
            "f1_score": 0.9956012964248657,
            "final_loss": 0.021359609462715416
        },
        "client-3: UNSW": {
            "accuracy": 0.983055055141449,
            "precision": 0.8710923790931702,
            "recall": 0.9330323338508606,
            "f1_score": 0.900999128818512,
            "final_loss": 0.04265294141764665
        },
        "client-4: CSE": {
            "accuracy": 0.928967297077179,
            "precision": 0.6245145201683044,
            "recall": 0.9416725039482117,
            "f1_score": 0.7509807348251343,
            "final_loss": 0.15267998192367632
        }
    }
}