{
    "client-1: BOT": {
        "accuracy": [
            0.998146653175354,
            0.9981866478919983,
            0.9988266825675964,
            0.9983066916465759,
            0.9987466931343079
        ],
        "precision": [
            0.9991034269332886,
            0.9990366697311401,
            0.9997589588165283,
            0.9991035461425781,
            0.9995983839035034
        ],
        "recall": [
            0.9990365505218506,
            0.9991436004638672,
            0.9990633130073547,
            0.9991971254348755,
            0.9991436004638672
        ],
        "f1_score": [
            0.9990699291229248,
            0.9990901350975037,
            0.9994110465049744,
            0.9991503357887268,
            0.9993709325790405
        ],
        "final_loss": [
            0.005933298213680585,
            0.005256160966157913,
            0.005554523035685222,
            0.005390531364579995,
            0.004422986178000768
        ]
    },
    "client-2: UNSW": {
        "accuracy": [
            0.9955066442489624,
            0.9955999851226807,
            0.9951066374778748,
            0.9952133297920227,
            0.9951333403587341
        ],
        "precision": [
            0.9242861866950989,
            0.9252725839614868,
            0.9322314262390137,
            0.8999695181846619,
            0.8992981314659119
        ],
        "recall": [
            0.9661301374435425,
            0.9674714803695679,
            0.9456740617752075,
            0.9896042943000793,
            0.9882628917694092
        ],
        "f1_score": [
            0.9447450637817383,
            0.94590163230896,
            0.9389046430587769,
            0.942660927772522,
            0.9416839480400085
        ],
        "final_loss": [
            0.013184673436582089,
            0.012944250838557879,
            0.013206494963665803,
            0.013372400414943695,
            0.013683655134240786
        ]
    },
    "client-3: CSE": {
        "accuracy": [
            0.9945999383926392,
            0.9946799278259277,
            0.9946532845497131,
            0.9941865801811218,
            0.9939866065979004
        ],
        "precision": [
            0.9967498779296875,
            0.9977914690971375,
            0.998138427734375,
            0.9923787713050842,
            0.9916830062866211
        ],
        "recall": [
            0.9579429030418396,
            0.9576082229614258,
            0.9570504426956177,
            0.958723783493042,
            0.9577197432518005
        ],
        "f1_score": [
            0.9769611358642578,
            0.9772869348526001,
            0.9771626591682434,
            0.9752610921859741,
            0.9744055271148682
        ],
        "final_loss": [
            0.030918187445935892,
            0.030888159653778953,
            0.030614047986737458,
            0.03258026275754918,
            0.0326735561098622
        ]
    }
}