{
    "model_1": {
        "client-1: ToN": {
            "accuracy": 0.8605709671974182,
            "precision": 0.95380038022995,
            "recall": 0.8877505660057068,
            "f1_score": 0.9195910096168518,
            "final_loss": 0.3453469474011084
        },
        "client-2: BoT": {
            "accuracy": 0.9828429818153381,
            "precision": 0.9961879849433899,
            "recall": 0.9862138032913208,
            "f1_score": 0.9911757707595825,
            "final_loss": 0.0666062665374529
        },
        "client-3: UNSW": {
            "accuracy": 0.9582618474960327,
            "precision": 0.8281775116920471,
            "recall": 0.6437532901763916,
            "f1_score": 0.7244117856025696,
            "final_loss": 0.08895685922446309
        },
        "client-4: CSE": {
            "accuracy": 0.9001488089561462,
            "precision": 0.5287589430809021,
            "recall": 0.9084728956222534,
            "f1_score": 0.6684560775756836,
            "final_loss": 0.20099859830415773
        }
    }
}