{
    "client-1: ToN": {
        "accuracy": [
            0.9541630744934082
        ],
        "precision": [
            0.9607095122337341
        ],
        "recall": [
            0.9679613709449768
        ],
        "f1_score": [
            0.9643217921257019
        ],
        "final_loss": [
            0.17025919602950126
        ]
    },
    "client-2: BoT": {
        "accuracy": [
            0.9637107849121094
        ],
        "precision": [
            0.9993458390235901
        ],
        "recall": [
            0.9642117619514465
        ],
        "f1_score": [
            0.9814645051956177
        ],
        "final_loss": [
            0.08328161451473937
        ]
    },
    "client-3: UNSW": {
        "accuracy": [
            0.9934422373771667
        ],
        "precision": [
            0.8961817026138306
        ],
        "recall": [
            0.9445028901100159
        ],
        "f1_score": [
            0.9197080135345459
        ],
        "final_loss": [
            0.02643501966830435
        ]
    },
    "client-4: CSE": {
        "accuracy": [
            0.9172466993331909
        ],
        "precision": [
            0.598426878452301
        ],
        "recall": [
            0.9350088834762573
        ],
        "f1_score": [
            0.7297787666320801
        ],
        "final_loss": [
            0.16792876246716107
        ]
    }
}