{
    "client-1: ToN": {
        "accuracy": [
            0.8968597054481506
        ],
        "precision": [
            0.9489271640777588
        ],
        "recall": [
            0.886476993560791
        ],
        "f1_score": [
            0.9166396260261536
        ],
        "final_loss": [
            0.22931334757094476
        ]
    },
    "client-2: BoT": {
        "accuracy": [
            0.9715997576713562
        ],
        "precision": [
            0.9849402904510498
        ],
        "recall": [
            0.9859778881072998
        ],
        "f1_score": [
            0.9854588508605957
        ],
        "final_loss": [
            0.09274141324562242
        ]
    },
    "client-3: UNSW": {
        "accuracy": [
            0.9895868301391602
        ],
        "precision": [
            0.8181464076042175
        ],
        "recall": [
            0.9317073225975037
        ],
        "f1_score": [
            0.8712419867515564
        ],
        "final_loss": [
            0.0265612196257452
        ]
    },
    "client-4: CSE": {
        "accuracy": [
            0.9630756378173828
        ],
        "precision": [
            0.7767471075057983
        ],
        "recall": [
            0.9410476088523865
        ],
        "f1_score": [
            0.8510400652885437
        ],
        "final_loss": [
            0.10489121292834451
        ]
    }
}