{
    "model_1": {
        "client-1: ToN": {
            "accuracy": 0.931407630443573,
            "precision": 0.9565709829330444,
            "recall": 0.9352765679359436,
            "f1_score": 0.9458039402961731,
            "final_loss": 0.00031496099956173257
        },
        "client-2: BoT": {
            "accuracy": 0.9843325614929199,
            "precision": 0.9996852278709412,
            "recall": 0.9845864176750183,
            "f1_score": 0.9920783638954163,
            "final_loss": 7.149921921493174e-05
        },
        "client-3: UNSW": {
            "accuracy": 0.9938481450080872,
            "precision": 0.9111570119857788,
            "recall": 0.935312807559967,
            "f1_score": 0.923076868057251,
            "final_loss": 3.222977996056434e-05
        },
        "client-4: CSE": {
            "accuracy": 0.9804964661598206,
            "precision": 0.895706832408905,
            "recall": 0.9470770359039307,
            "f1_score": 0.9206758737564087,
            "final_loss": 0.00014555065951688562
        }
    },
    "model_2": {
        "client-1: ToN": {
            "accuracy": 0.9234780073165894,
            "precision": 0.9403063058853149,
            "recall": 0.9401039481163025,
            "f1_score": 0.9402051568031311,
            "final_loss": 0.0003500461263469154
        },
        "client-2: BoT": {
            "accuracy": 0.9856786727905273,
            "precision": 0.9995958805084229,
            "recall": 0.9860259294509888,
            "f1_score": 0.9927645325660706,
            "final_loss": 5.426472940541777e-05
        },
        "client-3: UNSW": {
            "accuracy": 0.9938900470733643,
            "precision": 0.9106836318969727,
            "recall": 0.9370802640914917,
            "f1_score": 0.9236934185028076,
            "final_loss": 3.544127028044159e-05
        },
        "client-4: CSE": {
            "accuracy": 0.971472442150116,
            "precision": 0.8354800939559937,
            "recall": 0.9479628205299377,
            "f1_score": 0.8881742358207703,
            "final_loss": 0.0001996245090877794
        }
    }
}