{
    "client-1: ToN": {
        "accuracy": [
            0.8943852782249451,
            0.8788792490959167,
            0.8962720632553101,
            0.890785276889801,
            0.9108238816261292,
            0.9188913702964783,
            0.8957949280738831,
            0.9332046508789062,
            0.9251805543899536,
            0.8944286704063416
        ],
        "precision": [
            0.96085524559021,
            0.9603461027145386,
            0.9642714262008667,
            0.9611743688583374,
            0.9607639312744141,
            0.9625704288482666,
            0.9605070948600769,
            0.9617431163787842,
            0.9610744714736938,
            0.9614217281341553
        ],
        "recall": [
            0.9140399694442749,
            0.8956994414329529,
            0.9128257036209106,
            0.909334659576416,
            0.9341259598731995,
            0.9420187473297119,
            0.916114330291748,
            0.9602833390235901,
            0.9512522220611572,
            0.9135087132453918
        ],
        "f1_score": [
            0.936863124370575,
            0.9268969297409058,
            0.9378436207771301,
            0.9345361590385437,
            0.9472577571868896,
            0.952183723449707,
            0.9377856254577637,
            0.9610127210617065,
            0.9561380743980408,
            0.9368530511856079
        ],
        "final_loss": [
            0.23564554580065447,
            0.2638840391414027,
            0.21082399627041723,
            0.2436984539651154,
            0.1883800302106152,
            0.17529642366910037,
            0.2055337843888418,
            0.1689780410023293,
            0.17900538906813424,
            0.21243583089387144
        ]
    },
    "client-2: BoT": {
        "accuracy": [
            0.9857345819473267,
            0.9859619140625,
            0.9743108749389648,
            0.9868712425231934,
            0.9862461090087891,
            0.9854503870010376,
            0.9862461090087891,
            0.9877237677574158,
            0.9861892461776733,
            0.9849957227706909
        ],
        "precision": [
            0.9948295950889587,
            0.9928621649742126,
            0.9964799284934998,
            0.9957084059715271,
            0.993614912033081,
            0.9940151572227478,
            0.993788480758667,
            0.9936823844909668,
            0.9936145544052124,
            0.9938963651657104
        ],
        "recall": [
            0.9904650449752808,
            0.9926879405975342,
            0.9770108461380005,
            0.9907575249671936,
            0.9922199249267578,
            0.9909915328025818,
            0.9920444488525391,
            0.9936823844909668,
            0.9921614527702332,
            0.9906405210494995
        ],
        "f1_score": [
            0.9926425218582153,
            0.992775022983551,
            0.9866493940353394,
            0.9932267665863037,
            0.9929168820381165,
            0.9925010800361633,
            0.992915689945221,
            0.9936823844909668,
            0.9928874969482422,
            0.9922657608985901
        ],
        "final_loss": [
            0.07834607097414212,
            0.07176240729350669,
            0.0858644811465646,
            0.07517286203071183,
            0.061037522156355765,
            0.07606747590638453,
            0.07042757393953711,
            0.05857929886530732,
            0.07200742268315023,
            0.07856079398162936
        ]
    },
    "client-3: UNSW": {
        "accuracy": [
            0.9894359111785889,
            0.9905314445495605,
            0.9909674525260925,
            0.9903414249420166,
            0.9905314445495605,
            0.9912804365158081,
            0.9904308319091797,
            0.9907214641571045,
            0.9909562468528748,
            0.9905537962913513
        ],
        "precision": [
            0.8765504956245422,
            0.8431829810142517,
            0.8549537658691406,
            0.8507064580917358,
            0.8653421401977539,
            0.8558322191238403,
            0.8525246977806091,
            0.8769448399543762,
            0.8513867259025574,
            0.8544676303863525
        ],
        "recall": [
            0.849213182926178,
            0.9307582378387451,
            0.9258941411972046,
            0.9130185842514038,
            0.89728182554245,
            0.9341917037963867,
            0.9130185842514038,
            0.8869814276695251,
            0.931044340133667,
            0.9138769507408142
        ],
        "f1_score": [
            0.8626652956008911,
            0.8848088979721069,
            0.889011025428772,
            0.8807618021965027,
            0.881022572517395,
            0.8932968378067017,
            0.8817353248596191,
            0.8819345235824585,
            0.8894355297088623,
            0.8831743001937866
        ],
        "final_loss": [
            0.025259491726351307,
            0.023294206536676805,
            0.022702779194027065,
            0.023982808794967444,
            0.024786660725403968,
            0.022945368966941375,
            0.02460092343596546,
            0.023426766324069793,
            0.0230708023427489,
            0.02344043003918466
        ]
    },
    "client-4: CSE": {
        "accuracy": [
            0.9306299090385437,
            0.9638532996177673,
            0.9269362092018127,
            0.9455034136772156,
            0.8981768488883972,
            0.9076381921768188,
            0.9212870597839355,
            0.9047544002532959,
            0.9075789451599121,
            0.9349161386489868
        ],
        "precision": [
            0.6242350339889526,
            0.7771804332733154,
            0.6072633862495422,
            0.6867534518241882,
            0.5191869139671326,
            0.5453783273696899,
            0.5876196026802063,
            0.5369230508804321,
            0.5457630753517151,
            0.6412319540977478
        ],
        "recall": [
            0.9202454090118408,
            0.9390112161636353,
            0.941356897354126,
            0.9233129024505615,
            0.9447852969169617,
            0.9390112161636353,
            0.9420786499977112,
            0.9446048140525818,
            0.9285456538200378,
            0.9204258322715759
        ],
        "f1_score": [
            0.7438740134239197,
            0.8504657745361328,
            0.7382721304893494,
            0.7876548767089844,
            0.6701222062110901,
            0.6900026798248291,
            0.7237817645072937,
            0.6846717000007629,
            0.6874623894691467,
            0.7558716535568237
        ],
        "final_loss": [
            0.13170667961959456,
            0.10501357424101894,
            0.13468107594236398,
            0.11891556270647922,
            0.1805796903999445,
            0.17606845794124446,
            0.1456958981833537,
            0.18785728982977537,
            0.17460900117661443,
            0.1301351914886385
        ]
    }
}