{
    "0": {
        "epoch_0": {
            "loss": 0.10222060525825435
        },
        "epoch_1": {
            "loss": 0.033877498327244224
        },
        "epoch_2": {
            "loss": 0.022400045773841134
        },
        "epoch_3": {
            "loss": 0.019645745251110194
        },
        "epoch_4": {
            "loss": 0.018570906058709855
        },
        "epoch_5": {
            "loss": 0.018084314865787324
        },
        "epoch_6": {
            "loss": 0.017735037293485887
        },
        "epoch_7": {
            "loss": 0.01754497603963936
        },
        "epoch_8": {
            "loss": 0.017237432174284285
        },
        "epoch_9": {
            "loss": 0.017034334935587533
        }
    },
    "1": {
        "epoch_0": {
            "loss": 0.10313471109251754
        },
        "epoch_1": {
            "loss": 0.03196772708281582
        },
        "epoch_2": {
            "loss": 0.022476871006839847
        },
        "epoch_3": {
            "loss": 0.019817738047768665
        },
        "epoch_4": {
            "loss": 0.0187484756170313
        },
        "epoch_5": {
            "loss": 0.018065066212594124
        },
        "epoch_6": {
            "loss": 0.017729813829170025
        },
        "epoch_7": {
            "loss": 0.01735873126721292
        },
        "epoch_8": {
            "loss": 0.017075088494275758
        },
        "epoch_9": {
            "loss": 0.016783042578063907
        }
    },
    "2": {
        "epoch_0": {
            "loss": 0.08676782372935411
        },
        "epoch_1": {
            "loss": 0.029868780331772524
        },
        "epoch_2": {
            "loss": 0.021748888223560872
        },
        "epoch_3": {
            "loss": 0.019550243309806578
        },
        "epoch_4": {
            "loss": 0.01848611458705398
        },
        "epoch_5": {
            "loss": 0.017922740898799354
        },
        "epoch_6": {
            "loss": 0.017444942470450826
        },
        "epoch_7": {
            "loss": 0.016794791626413626
        },
        "epoch_8": {
            "loss": 0.01649101111160574
        },
        "epoch_9": {
            "loss": 0.016612985149151698
        }
    },
    "3": {
        "epoch_0": {
            "loss": 0.09071486801277913
        },
        "epoch_1": {
            "loss": 0.02914826104376628
        },
        "epoch_2": {
            "loss": 0.02182624664535043
        },
        "epoch_3": {
            "loss": 0.019746877479420128
        },
        "epoch_4": {
            "loss": 0.018766106643918562
        },
        "epoch_5": {
            "loss": 0.018150477878644523
        },
        "epoch_6": {
            "loss": 0.017728731344883866
        },
        "epoch_7": {
            "loss": 0.01734805585676104
        },
        "epoch_8": {
            "loss": 0.017265595322560442
        },
        "epoch_9": {
            "loss": 0.016832094786097304
        }
    },
    "4": {
        "epoch_0": {
            "loss": 0.08375405572061423
        },
        "epoch_1": {
            "loss": 0.028912075951079294
        },
        "epoch_2": {
            "loss": 0.021300358660547223
        },
        "epoch_3": {
            "loss": 0.019440307606510807
        },
        "epoch_4": {
            "loss": 0.0184143529875574
        },
        "epoch_5": {
            "loss": 0.018005978043229856
        },
        "epoch_6": {
            "loss": 0.017606603987508445
        },
        "epoch_7": {
            "loss": 0.017354694599643592
        },
        "epoch_8": {
            "loss": 0.016953922663159628
        },
        "epoch_9": {
            "loss": 0.01665130944767792
        }
    }
}