{
    "0": {
        "epoch_0": {
            "loss": 0.05249936428035432
        },
        "epoch_1": {
            "loss": 0.02131248508018424
        },
        "epoch_2": {
            "loss": 0.019333258952206465
        },
        "epoch_3": {
            "loss": 0.01838277815568569
        },
        "epoch_4": {
            "loss": 0.01810629198013889
        }
    },
    "1": {
        "epoch_0": {
            "loss": 0.06157698418371639
        },
        "epoch_1": {
            "loss": 0.022083308589566458
        },
        "epoch_2": {
            "loss": 0.01978118216193066
        },
        "epoch_3": {
            "loss": 0.018849062563833414
        },
        "epoch_4": {
            "loss": 0.018531593308372635
        }
    },
    "2": {
        "epoch_0": {
            "loss": 0.054386753484539585
        },
        "epoch_1": {
            "loss": 0.020754646152784564
        },
        "epoch_2": {
            "loss": 0.01937886933333762
        },
        "epoch_3": {
            "loss": 0.018579136636323896
        },
        "epoch_4": {
            "loss": 0.017879397106902978
        }
    },
    "3": {
        "epoch_0": {
            "loss": 0.052319430670547146
        },
        "epoch_1": {
            "loss": 0.0215989665469671
        },
        "epoch_2": {
            "loss": 0.01937122372106621
        },
        "epoch_3": {
            "loss": 0.018588541220336784
        },
        "epoch_4": {
            "loss": 0.018034312054093674
        }
    },
    "4": {
        "epoch_0": {
            "loss": 0.053890716830761784
        },
        "epoch_1": {
            "loss": 0.021826508848745152
        },
        "epoch_2": {
            "loss": 0.019744851965071124
        },
        "epoch_3": {
            "loss": 0.01872794493097191
        },
        "epoch_4": {
            "loss": 0.018119397413207658
        }
    },
    "5": {
        "epoch_0": {
            "loss": 0.05340475495541258
        },
        "epoch_1": {
            "loss": 0.021010113112919664
        },
        "epoch_2": {
            "loss": 0.019402008619441954
        },
        "epoch_3": {
            "loss": 0.01839807313792084
        },
        "epoch_4": {
            "loss": 0.0177787023786068
        }
    },
    "6": {
        "epoch_0": {
            "loss": 0.04861404958256641
        },
        "epoch_1": {
            "loss": 0.02066666066413056
        },
        "epoch_2": {
            "loss": 0.019073870936126922
        },
        "epoch_3": {
            "loss": 0.01833350332284386
        },
        "epoch_4": {
            "loss": 0.017857180405726536
        }
    },
    "7": {
        "epoch_0": {
            "loss": 0.05743443287629814
        },
        "epoch_1": {
            "loss": 0.021441564683324532
        },
        "epoch_2": {
            "loss": 0.019423145309313904
        },
        "epoch_3": {
            "loss": 0.01841183834801855
        },
        "epoch_4": {
            "loss": 0.018185328861472356
        }
    },
    "8": {
        "epoch_0": {
            "loss": 0.04703673018768816
        },
        "epoch_1": {
            "loss": 0.02098332571697259
        },
        "epoch_2": {
            "loss": 0.019491060049147812
        },
        "epoch_3": {
            "loss": 0.018426868504148375
        },
        "epoch_4": {
            "loss": 0.01781670261580716
        }
    },
    "9": {
        "epoch_0": {
            "loss": 0.0556731714472643
        },
        "epoch_1": {
            "loss": 0.021229664917630717
        },
        "epoch_2": {
            "loss": 0.01903926196689715
        },
        "epoch_3": {
            "loss": 0.01845235386427157
        },
        "epoch_4": {
            "loss": 0.018025473448640267
        }
    },
    "10": {
        "epoch_0": {
            "loss": 0.05252613991257033
        },
        "epoch_1": {
            "loss": 0.0206722079220848
        },
        "epoch_2": {
            "loss": 0.018998277017413058
        },
        "epoch_3": {
            "loss": 0.018492523485421287
        },
        "epoch_4": {
            "loss": 0.018057638746383824
        }
    },
    "11": {
        "epoch_0": {
            "loss": 0.04601544039920723
        },
        "epoch_1": {
            "loss": 0.020761449246740865
        },
        "epoch_2": {
            "loss": 0.0191328764059114
        },
        "epoch_3": {
            "loss": 0.018208853901819234
        },
        "epoch_4": {
            "loss": 0.017882660539568676
        }
    },
    "12": {
        "epoch_0": {
            "loss": 0.04397438640708617
        },
        "epoch_1": {
            "loss": 0.020531376597332927
        },
        "epoch_2": {
            "loss": 0.01891336822567712
        },
        "epoch_3": {
            "loss": 0.0182681484560341
        },
        "epoch_4": {
            "loss": 0.01796250177131275
        }
    },
    "13": {
        "epoch_0": {
            "loss": 0.04614926940660269
        },
        "epoch_1": {
            "loss": 0.020636459203224593
        },
        "epoch_2": {
            "loss": 0.019156053860375555
        },
        "epoch_3": {
            "loss": 0.018314953690757207
        },
        "epoch_4": {
            "loss": 0.017822056922245415
        }
    },
    "14": {
        "epoch_0": {
            "loss": 0.04906542467099578
        },
        "epoch_1": {
            "loss": 0.020609483068783598
        },
        "epoch_2": {
            "loss": 0.01892730405630321
        },
        "epoch_3": {
            "loss": 0.01829047206092901
        },
        "epoch_4": {
            "loss": 0.01774156356141649
        }
    },
    "15": {
        "epoch_0": {
            "loss": 0.04535589672688213
        },
        "epoch_1": {
            "loss": 0.020779027078850706
        },
        "epoch_2": {
            "loss": 0.0190530039196642
        },
        "epoch_3": {
            "loss": 0.018332744813982442
        },
        "epoch_4": {
            "loss": 0.017678319998404718
        }
    },
    "16": {
        "epoch_0": {
            "loss": 0.04566931242628913
        },
        "epoch_1": {
            "loss": 0.02033005551255319
        },
        "epoch_2": {
            "loss": 0.018915948547237414
        },
        "epoch_3": {
            "loss": 0.018256024667647364
        },
        "epoch_4": {
            "loss": 0.01776520246809474
        }
    },
    "17": {
        "epoch_0": {
            "loss": 0.047702322008976034
        },
        "epoch_1": {
            "loss": 0.020962159178770513
        },
        "epoch_2": {
            "loss": 0.0191909934015428
        },
        "epoch_3": {
            "loss": 0.01862402548507762
        },
        "epoch_4": {
            "loss": 0.017802129219047714
        }
    },
    "18": {
        "epoch_0": {
            "loss": 0.04665055165706763
        },
        "epoch_1": {
            "loss": 0.021063003146925056
        },
        "epoch_2": {
            "loss": 0.019632918982723017
        },
        "epoch_3": {
            "loss": 0.018359599035906764
        },
        "epoch_4": {
            "loss": 0.017988956159507224
        }
    },
    "19": {
        "epoch_0": {
            "loss": 0.05114210427122251
        },
        "epoch_1": {
            "loss": 0.020972620942661044
        },
        "epoch_2": {
            "loss": 0.01893339705386333
        },
        "epoch_3": {
            "loss": 0.018306330567985564
        },
        "epoch_4": {
            "loss": 0.017669607958388647
        }
    },
    "20": {
        "epoch_0": {
            "loss": 0.04604712007198645
        },
        "epoch_1": {
            "loss": 0.020532820414238866
        },
        "epoch_2": {
            "loss": 0.01903175322237461
        },
        "epoch_3": {
            "loss": 0.0181226201724612
        },
        "epoch_4": {
            "loss": 0.017729403402407532
        }
    },