{
    "0": {
        "epoch_0": {
            "loss": 0.3802228688190513
        },
        "epoch_1": {
            "loss": 0.2655693487939423
        },
        "epoch_2": {
            "loss": 0.23060166804251442
        },
        "epoch_3": {
            "loss": 0.2111579449691684
        },
        "epoch_4": {
            "loss": 0.20201391490541046
        },
        "epoch_5": {
            "loss": 0.19324444434093602
        },
        "epoch_6": {
            "loss": 0.18803823561734512
        },
        "epoch_7": {
            "loss": 0.1835738710334631
        },
        "epoch_8": {
            "loss": 0.18091302565816664
        },
        "epoch_9": {
            "loss": 0.17681975518948703
        }
    }
}