{
    "0": {
        "epoch_0": {
            "loss": 0.5566702189929039,
            "acc": 0.7204944927472188
        },
        "epoch_1": {
            "loss": 0.4468390333737047,
            "acc": 0.7994465128097484
        },
        "epoch_2": {
            "loss": 0.3812923748018791,
            "acc": 0.8139134085309941
        },
        "epoch_3": {
            "loss": 0.3420580126187037,
            "acc": 0.8251102002938675
        },
        "epoch_4": {
            "loss": 0.31479004598363064,
            "acc": 0.8366991835787753
        },
        "epoch_5": {
            "loss": 0.2916685185422478,
            "acc": 0.8518178905619939
        },
        "epoch_6": {
            "loss": 0.2715480659824871,
            "acc": 0.8777356739617972
        },
        "epoch_7": {
            "loss": 0.2536785294474734,
            "acc": 0.8935780019222909
        },
        "epoch_8": {
            "loss": 0.2393814220797169,
            "acc": 0.9039517438713169
        },
        "epoch_9": {
            "loss": 0.22859204411147774,
            "acc": 0.9056420340930433
        },
        "epoch_10": {
            "loss": 0.22067803925820573,
            "acc": 0.9070561331020692
        },
        "epoch_11": {
            "loss": 0.21462870183716237,
            "acc": 0.9086967089055095
        },
        "epoch_12": {
            "loss": 0.2092710891863133,
            "acc": 0.909133091021576
        },
        "epoch_13": {
            "loss": 0.20466667572531386,
            "acc": 0.9111161439287647
        },
        "epoch_14": {
            "loss": 0.20059557886707186,
            "acc": 0.9116630025299115
        }
    }
}