{
    "0": {
        "epoch_0": {
            "loss": 0.5290752479501171
        },
        "epoch_1": {
            "loss": 0.34178174062519856
        },
        "epoch_2": {
            "loss": 0.2630831140508576
        },
        "epoch_3": {
            "loss": 0.2175830852983024
        },
        "epoch_4": {
            "loss": 0.18615617364651368
        },
        "epoch_5": {
            "loss": 0.16531057996611032
        },
        "epoch_6": {
            "loss": 0.15012453149033003
        },
        "epoch_7": {
            "loss": 0.1401863341875774
        },
        "epoch_8": {
            "loss": 0.1314714454340725
        },
        "epoch_9": {
            "loss": 0.12596327747206104
        }
    }
}