{
    "0": {
        "epoch_0": {
            "loss": 0.3118270780805936,
            "acc": 0.849429228848449
        },
        "epoch_1": {
            "loss": 0.1762116057203463,
            "acc": 0.922203840452352
        },
        "epoch_2": {
            "loss": 0.1403121559975934,
            "acc": 0.9407182189326115
        },
        "epoch_3": {
            "loss": 0.12805243182452386,
            "acc": 0.9432049169896852
        },
        "epoch_4": {
            "loss": 0.12118741373106619,
            "acc": 0.9446288353792128
        },
        "epoch_5": {
            "loss": 0.11733342785184674,
            "acc": 0.9453029609935786
        },
        "epoch_6": {
            "loss": 0.11497816585491397,
            "acc": 0.9466271363075114
        },
        "epoch_7": {
            "loss": 0.11208351970767227,
            "acc": 0.9477483860538544
        },
        "epoch_8": {
            "loss": 0.10927024935061158,
            "acc": 0.9491000766989857
        },
        "epoch_9": {
            "loss": 0.10720328989732636,
            "acc": 0.9503313877701232
        }
    },
    "1": {
        "epoch_0": {
            "loss": 0.31288812025855806,
            "acc": 0.8521876408011089
        },
        "epoch_1": {
            "loss": 0.18799464410046365,
            "acc": 0.9139973929223689
        },
        "epoch_2": {
            "loss": 0.14639667281314808,
            "acc": 0.9394456348646761
        },
        "epoch_3": {
            "loss": 0.12925902228009675,
            "acc": 0.9434766308852713
        },
        "epoch_4": {
            "loss": 0.12049698836052167,
            "acc": 0.9463519829955254
        },
        "epoch_5": {
            "loss": 0.11471117268680611,
            "acc": 0.9481060853594362
        },
        "epoch_6": {
            "loss": 0.1110123609234878,
            "acc": 0.9499186578021441
        },
        "epoch_7": {
            "loss": 0.10771783735044288,
            "acc": 0.9516624419168556
        },
        "epoch_8": {
            "loss": 0.10439747155400264,
            "acc": 0.9526082814268075
        },
        "epoch_9": {
            "loss": 0.10235986917176322,
            "acc": 0.95433142904312
        }
    },
    "2": {
        "epoch_0": {
            "loss": 0.3291663279528265,
            "acc": 0.8428083522787854
        },
        "epoch_1": {
            "loss": 0.19588696120730972,
            "acc": 0.9064788286723509
        },
        "epoch_2": {
            "loss": 0.14788489485419368,
            "acc": 0.9382383997083374
        },
        "epoch_3": {
            "loss": 0.12915372126456828,
            "acc": 0.9438412090236529
        },
        "epoch_4": {
            "loss": 0.12023875506012287,
            "acc": 0.9453476734067764
        },
        "epoch_5": {
            "loss": 0.11421488516808308,
            "acc": 0.9466305757239112
        },
        "epoch_6": {
            "loss": 0.11152933150259357,
            "acc": 0.9486873467310066
        },
        "epoch_7": {
            "loss": 0.10788400585957011,
            "acc": 0.9490312883709892
        },
        "epoch_8": {
            "loss": 0.10549211999466482,
            "acc": 0.9504414490949176
        },
        "epoch_9": {
            "loss": 0.10321927532643004,
            "acc": 0.9513872886048695
        }
    },
    "3": {
        "epoch_0": {
            "loss": 0.3782017773729571,
            "acc": 0.8164073919937265
        },
        "epoch_1": {
            "loss": 0.2015168960308633,
            "acc": 0.9060110680419746
        },
        "epoch_2": {
            "loss": 0.1460700167717174,
            "acc": 0.9397414246750612
        },
        "epoch_3": {
            "loss": 0.12770182995152066,
            "acc": 0.943741465948058
        },
        "epoch_4": {
            "loss": 0.1197568554440848,
            "acc": 0.9465411508975157
        },
        "epoch_5": {
            "loss": 0.1145798550893771,
            "acc": 0.9484190722518203
        },
        "epoch_6": {
            "loss": 0.11113199953409321,
            "acc": 0.9496228679917592
        },
        "epoch_7": {
            "loss": 0.10807551283734264,
            "acc": 0.9505859045837103
        },
        "epoch_8": {
            "loss": 0.10553320769739112,
            "acc": 0.9520063835568381
        },
        "epoch_9": {
            "loss": 0.10376821499602111,
            "acc": 0.9534750143595635
        }
    },
    "4": {
        "epoch_0": {
            "loss": 0.4015558908573023,
            "acc": 0.8007442897089222
        },
        "epoch_1": {
            "loss": 0.2140201560522621,
            "acc": 0.8948707983229406
        },
        "epoch_2": {
            "loss": 0.16406172785844803,
            "acc": 0.9294403725575844
        },
        "epoch_3": {
            "loss": 0.13758728894998706,
            "acc": 0.9422831533945321
        },
        "epoch_4": {
            "loss": 0.12675543951233062,
            "acc": 0.9445772441332154
        },
        "epoch_5": {
            "loss": 0.1188920913151883,
            "acc": 0.9466064998091124
        },
        "epoch_6": {
            "loss": 0.11437821354792907,
            "acc": 0.9488421204689989
        },
        "epoch_7": {
            "loss": 0.11088809944286464,
            "acc": 0.9492651686861773
        },
        "epoch_8": {
            "loss": 0.10806468296726703,
            "acc": 0.9505067980065143
        },
        "epoch_9": {
            "loss": 0.10675222344773834,
            "acc": 0.9510914987944845
        }
    },
    "5": {
        "epoch_0": {
            "loss": 0.3272559584258153,
            "acc": 0.8432589158271624
        },
        "epoch_1": {
            "loss": 0.18409120247567057,
            "acc": 0.9169243362786202
        },
        "epoch_2": {
            "loss": 0.14004607681899925,
            "acc": 0.9407319765982108
        },
        "epoch_3": {
            "loss": 0.12553068338949203,
            "acc": 0.9444912587232198
        },
        "epoch_4": {
            "loss": 0.11885364958222207,
            "acc": 0.947125851685486
        },
        "epoch_5": {
            "loss": 0.11399876454043353,
            "acc": 0.9487011043966059
        },
        "epoch_6": {
            "loss": 0.11049421314198746,
            "acc": 0.9500424767925378
        },
        "epoch_7": {
            "loss": 0.10739515655473639,
            "acc": 0.9508438608136971
        },
        "epoch_8": {
            "loss": 0.10615608363044628,
            "acc": 0.9520682930520349
        },
        "epoch_9": {
            "loss": 0.1031946547734388,
            "acc": 0.9534509384447647
        }
    },
    "6": {
        "epoch_0": {
            "loss": 0.37943085591766007,
            "acc": 0.8154821889821735
        },
        "epoch_1": {
            "loss": 0.21341272025176283,
            "acc": 0.8928518608962431
        },
        "epoch_2": {
            "loss": 0.15964110956733904,
            "acc": 0.9330448809446014
        },
        "epoch_3": {
            "loss": 0.1313736462837537,
            "acc": 0.9431670834092871
        },
        "epoch_4": {
            "loss": 0.12202637898922049,
            "acc": 0.9458807829487492
        },
        "epoch_5": {
            "loss": 0.11567092151558933,
            "acc": 0.9475936123158623
        },
        "epoch_6": {
            "loss": 0.11143954361699876,
            "acc": 0.9491069555317854
        },
        "epoch_7": {
            "loss": 0.10940669990757132,
            "acc": 0.9499943249629403
        },
        "epoch_8": {
            "loss": 0.10663651208737451,
            "acc": 0.9510295892992877
        },
        "epoch_9": {
            "loss": 0.10503847729363643,
            "acc": 0.95196854997644
        }
    },
    "7": {
        "epoch_0": {
            "loss": 0.3166624835350663,
            "acc": 0.8510939063859644
        },