{
    "0": {
        "epoch_0": {
            "loss": 0.2515437472738404,
            "acc": 0.8845729279768367
        },
        "epoch_1": {
            "loss": 0.17672398537262557,
            "acc": 0.9221815056098444
        },
        "epoch_2": {
            "loss": 0.16680001929251345,
            "acc": 0.9254252623959465
        },
        "epoch_3": {
            "loss": 0.1594514059502169,
            "acc": 0.9282075642417662
        },
        "epoch_4": {
            "loss": 0.15496143290406977,
            "acc": 0.9305736518277234
        },
        "epoch_5": {
            "loss": 0.15144322549049896,
            "acc": 0.9323742309084329
        },
        "epoch_6": {
            "loss": 0.1477929766043492,
            "acc": 0.9342698154180239
        },
        "epoch_7": {
            "loss": 0.14490671421654341,
            "acc": 0.9360658704306912
        },
        "epoch_8": {
            "loss": 0.14249537363250672,
            "acc": 0.9382193268186754
        },
        "epoch_9": {
            "loss": 0.14040391000504787,
            "acc": 0.939146760767282
        }
    }
}