{
    "0": {
        "epoch_0": {
            "loss": 0.44459854393247517,
            "acc": 0.7889904955767679
        },
        "epoch_1": {
            "loss": 0.29502604684831013,
            "acc": 0.8514606175561964
        },
        "epoch_2": {
            "loss": 0.22424197502197532,
            "acc": 0.9030795564945179
        },
        "epoch_3": {
            "loss": 0.19389525949781877,
            "acc": 0.9171588508335003
        },
        "epoch_4": {
            "loss": 0.18093294011551153,
            "acc": 0.9211014644727846
        },
        "epoch_5": {
            "loss": 0.17195113197602255,
            "acc": 0.9230290787032039
        },
        "epoch_6": {
            "loss": 0.16723618592442613,
            "acc": 0.9244169609491059
        },
        "epoch_7": {
            "loss": 0.1633578420287259,
            "acc": 0.9265810291917899
        },
        "epoch_8": {
            "loss": 0.1586564948890029,
            "acc": 0.92751656463162
        },
        "epoch_9": {
            "loss": 0.15572666862385898,
            "acc": 0.9293002503328347
        }
    }
}