{
    "accuracy":{
        "accuracy":0.0000051244,
        "precision":0.0000130844,
        "recall":-0.0000064463,
        "f1_score":0.0000036533
    },
    "precision":{
        "accuracy":0.0000130844,
        "precision":0.0000334091,
        "recall":-0.0000164596,
        "f1_score":0.0000093281
    },
    "recall":{
        "accuracy":-0.0000064463,
        "precision":-0.0000164596,
        "recall":0.0000081091,
        "f1_score":-0.0000045957
    },
    "f1_score":{
        "accuracy":0.0000036533,
        "precision":0.0000093281,
        "recall":-0.0000045957,
        "f1_score":0.0000026045
    }
}