{
    "accuracy":0.9600235224,
    "precision":0.952765733,
    "recall":0.9858407676,
    "f1_score":0.9690113962,
    "final_loss":0.0002234765
}