{
    "means": [
        0.5804383965780449,
        0.0003380805637518891
    ],
    "stds": [
        0.9519249898501655,
        0.7509317852820957
    ],
    "covs": [
        0.8902284127402141,
        0.011311057098249122
    ]
}