{
    "means": [
        0.9617220186873888,
        0.7897412746413399
    ],
    "stds": [
        0.8633156125500474,
        0.2722560157154208
    ],
    "covs": [
        0.9382274083453059,
        0.32786593893799365
    ]
}