{
    "accuracy":0.0022637072,
    "precision":0.005780061,
    "recall":0.0028476518,
    "f1_score":0.001613845
}