{
    "accuracy":0.994777292,
    "precision":0.894505173,
    "recall":0.9660876691,
    "f1_score":0.9289194047,
    "final_loss":0.0000277278
}