{
    "means": [
        0.6377247189022304,
        0.0018974931870059742
    ],
    "stds": [
        0.8360031006211297,
        0.15417343953191698
    ],
    "covs": [
        0.7261078696694602,
        1.670568935214424e-05
    ]
}