{
    "means": [
        0.9848432741111262,
        0.9297828979467326
    ],
    "stds": [
        0.8413715336878638,
        0.19943100684514492
    ],
    "covs": [
        0.81418442584189,
        0.004228901957300694
    ]
}