{
    "accuracy":0.0000516299,
    "precision":0.0007837206,
    "recall":0.0005848718,
    "f1_score":0.0006929363,
    "final_loss":0.0000002904
}