{"min": [-0.017543859649122806, 0.0, -1.1655959890443301e-07, -2.504144358914003e-06, 0.0, 0.0, 0.0, 0.0, 0.0, 0.0, 0.0, 0.0, 0.0, 0.0, -0.0011363636363636363, -0.016959418534221685, 0.0, -0.0011363636363636363, -2.497813913191357e-42, 0.0, 0.0, 0.0, 0.0, 0.0, 0.0, 0.0, 0.0, 0.0, 0.0, 0.0, 0.0, 0.0, 0.0, 0.0, 0.0, 0.0, 0.0, 0.0, 0.0], "scale": [0.017543859649122806, 0.004081632653061225, 2.9139899726108253e-08, 2.504144358914003e-06, 4.566861292594373e-08, 1.8266508356927572e-05, 0.0045662100456621, 0.0045662100456621, 0.01098901098901099, 2.328307139101916e-07, 0.00041017227235438887, 0.00041017227235438887, 0.00392156862745098, 0.00392156862745098, 4.0584415584415584e-05, 0.0006056935190793458, 0.005376344086021506, 4.0584415584415584e-05, 8.920763975683418e-44, 4.844537258507232e-47, 5.287088928835783e-05, 0.037037037037037035, 2.2222222222222223e-05, 0.025, 1.1160714285714285e-09, 2.5820403879700353e-10, 2.5041380881907353e-06, 0.00019357336430507162, 5.675691015381123e-05, 5.6589893045102146e-05, 0.00013623978201634878, 1.5259021896696422e-05, 1.5259021896696422e-05, 1.5318627450980392e-05, 0.00392156862745098, 1.5260186174271325e-05, 0.00392156862745098, 2.7777777777777776e-07, 0.0018181818181818182]}