{
	"timers": [
		29,
		29,
		29,
		29,
		29,
		29,
		29,
		29,
		29,
		29,
		29,
		29,
		29,
		29,
		29,
		29,
		29,
		29,
		29,
		29,
		29,
		29,
		29,
		29,
		29,
		29,
		29,
		36,
		40,
		50
	],
	"mean": 30.3,
	"median": 29,
	"quantile_75": 29,
	"quantile_95": 38.19999999999999,
	"quantile_99": 47.10000000000001
}