{
	"timers": [
		25,
		25,
		25,
		25,
		25,
		25,
		25,
		25,
		25,
		25,
		25,
		25,
		25,
		25,
		25,
		25,
		25,
		25,
		25,
		25,
		25,
		25,
		25,
		25,
		25,
		25,
		25,
		25,
		27,
		30
	],
	"mean": 25.233333333333334,
	"median": 25,
	"quantile_75": 25,
	"quantile_95": 26.099999999999994,
	"quantile_99": 29.130000000000003
}