{
    "client-4: CSE": {
        "accuracy": [
            [
                0.8967584371566772,
                0.8956582546234131,
                0.9152899384498596,
                0.9210561513900757,
                0.9234271049499512
            ]
        ],
        "precision": [
            [
                0.905417799949646,
                0.8434637784957886,
                0.9054054021835327,
                0.9229866862297058,
                0.9193843603134155
            ]
        ],
        "recall": [
            [
                0.1558646857738495,
                0.1601327806711197,
                0.3283275365829468,
                0.37322163581848145,
                0.3966171443462372
            ]
        ],
        "f1_score": [
            [
                0.2659473717212677,
                0.2691643238067627,
                0.481902539730072,
                0.5315173268318176,
                0.5541689395904541
            ]
        ]
    },
    "client-2: BoT": {
        "accuracy": [
            [
                0.30616146326065063,
                0.649009108543396,
                0.6589388847351074,
                0.6190535426139832,
                0.6149404048919678
            ]
        ],
        "precision": [
            [
                0.9991422295570374,
                0.9982340335845947,
                0.9932423830032349,
                0.993002712726593,
                0.993630588054657
            ]
        ],
        "recall": [
            [
                0.2951062023639679,
                0.6444284915924072,
                0.6578558683395386,
                0.6171937584877014,
                0.6125913262367249
            ]
        ],
        "f1_score": [
            [
                0.4556359350681305,
                0.7832289934158325,
                0.7914856672286987,
                0.7612426280975342,
                0.7579145431518555
            ]
        ]
    },
    "client-3: UNSW": {
        "accuracy": [
            [
                0.9464144706726074,
                0.9474713802337646,
                0.9474555850028992,
                0.9475817680358887,
                0.9475817680358887
            ]
        ],
        "precision": [
            [
                0.800000011920929,
                0.7745097875595093,
                0.7444933652877808,
                0.774193525314331,
                0.7989949584007263
            ]
        ],
        "recall": [
            [
                0.017431724816560745,
                0.04590354487299919,
                0.049099359661340714,
                0.048808831721544266,
                0.04619407281279564
            ]
        ],
        "f1_score": [
            [
                0.03411998599767685,
                0.08667031675577164,
                0.09212318807840347,
                0.0918283686041832,
                0.0873386412858963
            ]
        ]
    },
    "client-1: ToN": {
        "accuracy": [
            [
                0.41562196612358093,
                0.4873073399066925,
                0.49141839146614075,
                0.4906211793422699,
                0.49798354506492615
            ]
        ],
        "precision": [
            [
                0.9084828495979309,
                0.9091405868530273,
                0.9046708345413208,
                0.9066652655601501,
                0.9075993299484253
            ]
        ],
        "recall": [
            [
                0.24169406294822693,
                0.34814831614494324,
                0.35641759634017944,
                0.3542613089084625,
                0.364791601896286
            ]
        ],
        "f1_score": [
            [
                0.3818106949329376,
                0.5034893155097961,
                0.5113687515258789,
                0.509460985660553,
                0.520413339138031
            ]
        ]
    },
    "weighted_metrics": [
        {
            "model_1": {
                "metrics_distributed": {
                    "accuracy": [
                        [
                            1,
                            0.6907522134223387
                        ],
                        [
                            2,
                            0.7541991832540996
                        ],
                        [
                            3,
                            0.7617473381372234
                        ],
                        [
                            4,
                            0.75826571548163
                        ],
                        [
                            5,
                            0.7606955827468663
                        ]
                    ]
                },
                "losses_distributed": [
                    [
                        1,
                        0.7745059369450746
                    ],
                    [
                        2,
                        0.7897070327973716
                    ],
                    [
                        3,
                        0.7919896869454506
                    ],
                    [
                        4,
                        0.8163593257839884
                    ],
                    [
                        5,
                        0.7995468627617677
                    ]
                ]
            }
        }
    ]
}