{
    "client-2: BoT": {
        "accuracy": [
            [
                0.3833399713039398,
                0.06129932403564453,
                0.222877636551857,
                0.1141490638256073,
                0.20055799186229706,
                0.14595456421375275,
                0.13160622119903564,
                0.1831008344888687,
                0.5073734521865845,
                0.2365882843732834,
                0.7471502423286438,
                0.21793542802333832,
                0.7562375664710999,
                0.21793542802333832,
                0.6994021534919739,
                0.6032682061195374,
                0.7204464077949524,
                0.33925867080688477,
                0.1913112848997116,
                0.6870466470718384
            ]
        ],
        "precision": [
            [
                0.9945438504219055,
                0.7978208065032959,
                0.9420849680900574,
                0.9013203382492065,
                0.977398693561554,
                0.9586777091026306,
                0.9573901295661926,
                0.9750705361366272,
                0.9879769086837769,
                0.9759462475776672,
                0.9884020686149597,
                0.97782963514328,
                0.9866835474967957,
                0.9789473414421082,
                0.9811983108520508,
                0.9879534244537354,
                0.9928001165390015,
                0.9846528768539429,
                0.9800994992256165,
                0.9855645895004272
            ]
        ],
        "recall": [
            [
                0.3714541792869568,
                0.0537169873714447,
                0.21878056228160858,
                0.10572220385074615,
                0.18682752549648285,
                0.13237690925598145,
                0.11721552163362503,
                0.16897620260715485,
                0.5023638606071472,
                0.22489403188228607,
                0.7502445578575134,
                0.2049233764410019,
                0.7610042095184326,
                0.20467883348464966,
                0.7061460614204407,
                0.6016465425491333,
                0.7193511724472046,
                0.3294750452041626,
                0.1766384094953537,
                0.6900880336761475
            ]
        ],
        "f1_score": [
            [
                0.5408902168273926,
                0.10065678507089615,
                0.3550969064235687,
                0.18924637138843536,
                0.3136933147907257,
                0.23263141512870789,
                0.20885983109474182,
                0.28803667426109314,
                0.6660542488098145,
                0.36555153131484985,
                0.8530120849609375,
                0.3388368487358093,
                0.859272837638855,
                0.33856940269470215,
                0.8212541937828064,
                0.747859537601471,
                0.8342393040657043,
                0.49373966455459595,
                0.29933005571365356,
                0.8117748498916626
            ]
        ]
    },
    "client-1: ToN": {
        "accuracy": [
            [
                0.10062529146671295,
                0.26901358366012573,
                0.9073630571365356,
                0.44580337405204773,
                0.9465884566307068,
                0.6257334351539612,
                0.5059086084365845,
                0.9237528443336487,
                0.5641958117485046,
                0.5028510093688965,
                0.5041181445121765,
                0.7437402009963989,
                0.5177809000015259,
                0.9078313112258911,
                0.8957937359809875,
                0.6721207499504089,
                0.5032917261123657,
                0.525025486946106,
                0.5104261636734009,
                0.883342981338501
            ]
        ],
        "precision": [
            [
                0.375,
                0.9190782904624939,
                0.9435911178588867,
                0.9341002106666565,
                0.9500542283058167,
                0.9620400667190552,
                0.9336713552474976,
                0.9543243050575256,
                0.9353236556053162,
                0.9331830143928528,
                0.9279453158378601,
                0.9455322623252869,
                0.9276434779167175,
                0.9535351395606995,
                0.9454063177108765,
                0.936204195022583,
                0.9296801686286926,
                0.9350957274436951,
                0.9344587922096252,
                0.9252297282218933
            ]
        ],
        "recall": [
            [
                9.188924013869837e-05,
                0.20524993538856506,
                0.9540247321128845,
                0.4128890037536621,
                0.9928020238876343,
                0.6078166961669922,
                0.4850526750087738,
                0.961222767829895,
                0.553693950176239,
                0.4816834032535553,
                0.4863697588443756,
                0.7587600946426392,
                0.5030323266983032,
                0.9434881210327148,
                0.9383116960525513,
                0.681879460811615,
                0.4843175709247589,
                0.5070448517799377,
                0.48998406529426575,
                0.9467961192131042
            ]
        ],
        "f1_score": [
            [
                0.0001837334712035954,
                0.33556172251701355,
                0.9487791657447815,
                0.5726544857025146,
                0.9709578156471252,
                0.7449648380279541,
                0.638432502746582,
                0.9577610492706299,
                0.6956036686897278,
                0.6353939175605774,
                0.6382234692573547,
                0.8419120907783508,
                0.6523276567459106,
                0.9484850764274597,
                0.9418456554412842,
                0.7890548706054688,
                0.6368615627288818,
                0.6575440764427185,
                0.6428757905960083,
                0.9358887076377869
            ]
        ]
    },
    "client-3: UNSW": {
        "accuracy": [
            [
                0.918354332447052,
                0.9491491913795471,
                0.6996027827262878,
                0.9159024953842163,
                0.45221400260925293,
                0.9386308789253235,
                0.9159760475158691,
                0.6405874490737915,
                0.9228411912918091,
                0.9159760475158691,
                0.9165399670600891,
                0.675722062587738,
                0.9167116284370422,
                0.6417152881622314,
                0.918476939201355,
                0.9201196432113647,
                0.9165890216827393,
                0.9167116284370422,
                0.9168342351913452,
                0.9828862547874451
            ]
        ],
        "precision": [
            [
                1.0,
                0.8503331542015076,
                0.06342285126447678,
                0.8666666746139526,
                0.010615711100399494,
                0.8869637250900269,
                0.8888888955116272,
                0.011666376143693924,
                0.9681528806686401,
                0.7692307829856873,
                0.7283950448036194,
                0.0058579943142831326,
                0.7340425252914429,
                0.017449896782636642,
                0.908450722694397,
                0.9597989916801453,
                0.7532467246055603,
                0.8793103694915771,
                0.9152542352676392,
                0.8697762489318848
            ]
        ],