{
    "client-3: UNSW": {
        "accuracy": [
            [
                0.9655870795249939,
                0.9784718751907349,
                0.9786222577095032,
                0.9783816337585449,
                0.9784417748451233,
                0.978201150894165,
                0.9775393605232239,
                0.977118194103241,
                0.9757044315338135,
                0.9752732515335083
            ]
        ],
        "precision": [
            [
                0.7223300933837891,
                0.8360971808433533,
                0.8457907438278198,
                0.8624581694602966,
                0.8740326762199402,
                0.8892921805381775,
                0.892110288143158,
                0.8914313316345215,
                0.9198626279830933,
                0.9134727120399475
            ]
        ],
        "recall": [
            [
                0.19125963747501373,
                0.5573264956474304,
                0.5526992082595825,
                0.5303341746330261,
                0.5226221084594727,
                0.5038560628890991,
                0.482519268989563,
                0.47069409489631653,
                0.41311055421829224,
                0.40437018871307373
            ]
        ],
        "f1_score": [
            [
                0.30243900418281555,
                0.668826162815094,
                0.6685323119163513,
                0.6567971706390381,
                0.6541183590888977,
                0.6432557106018066,
                0.6262929439544678,
                0.6160834431648254,
                0.5701614618301392,
                0.5605844259262085
            ]
        ]
    },
    "client-4: CSE": {
        "accuracy": [
            [
                0.814092218875885,
                0.809529721736908,
                0.8075236678123474,
                0.8211223483085632,
                0.8057306408882141,
                0.7898240685462952,
                0.7923272252082825,
                0.7963926196098328,
                0.8013278841972351,
                0.7876404523849487
            ]
        ],
        "precision": [
            [
                0.12154888361692429,
                0.35547903180122375,
                0.35312750935554504,
                0.3707689344882965,
                0.35099950432777405,
                0.3329833149909973,
                0.3357449471950531,
                0.34029102325439453,
                0.3460465669631958,
                0.33066990971565247
            ]
        ],
        "recall": [
            [
                0.11451005935668945,
                0.9286766052246094,
                0.9299852848052979,
                0.9299852848052979,
                0.9306396245956421,
                0.9337477684020996,
                0.9337477684020996,
                0.9334205985069275,
                0.9335841536521912,
                0.9342384934425354
            ]
        ],
        "f1_score": [
            [
                0.1179245263338089,
                0.5141511559486389,
                0.5118854641914368,
                0.5301688313484192,
                0.5097441673278809,
                0.49090519547462463,
                0.49389976263046265,
                0.4987543821334839,
                0.5049325227737427,
                0.48845362663269043
            ]
        ]
    },
    "client-1: ToN": {
        "accuracy": [
            [
                0.14515812695026398,
                0.1819179356098175,
                0.28251752257347107,
                0.29448994994163513,
                0.3808441460132599,
                0.477191686630249,
                0.5526707768440247,
                0.555766761302948,
                0.6095544099807739,
                0.6770192384719849
            ]
        ],
        "precision": [
            [
                0.9590163826942444,
                0.9816513657569885,
                0.9874663352966309,
                0.9920963644981384,
                0.9866539835929871,
                0.98508220911026,
                0.9829527139663696,
                0.9826792478561401,
                0.9765737056732178,
                0.9732646346092224
            ]
        ],
        "recall": [
            [
                0.005336374044418335,
                0.04880273714661598,
                0.16709235310554504,
                0.18034207820892334,
                0.28323832154273987,
                0.39755985140800476,
                0.48784491419792175,
                0.49165335297584534,
                0.5589965581893921,
                0.6417331695556641
            ]
        ],
        "f1_score": [
            [
                0.010613689199090004,
                0.09298283606767654,
                0.2858201563358307,
                0.30520448088645935,
                0.44012901186943054,
                0.5664938688278198,
                0.6520658731460571,
                0.6553983092308044,
                0.7110080122947693,
                0.7734700441360474
            ]
        ]
    },
    "client-2: BoT": {
        "accuracy": [
            [
                0.029827814549207687,
                0.04037085920572281,
                0.06723178923130035,
                0.08121854066848755,
                0.14071522653102875,
                0.20407946407794952,
                0.2244238406419754,
                0.2287152260541916,
                0.24990728497505188,
                0.2659602761268616
            ]
        ],
        "precision": [
            [
                0.5517241358757019,
                0.8825757503509521,
                0.9392812848091125,
                0.9534016847610474,
                0.951335072517395,
                0.9597765207290649,
                0.9622736573219299,
                0.9625707864761353,
                0.9663450717926025,
                0.9680940508842468
            ]
        ],
        "recall": [
            [
                0.0008736008894629776,
                0.012721812352538109,
                0.04138684272766113,
                0.05585585534572601,
                0.1206115186214447,
                0.18760578334331512,
                0.20889981091022491,
                0.21343161165714264,
                0.23516243696212769,
                0.25181543827056885
            ]
        ],
        "f1_score": [
            [
                0.0017444395925849676,
                0.02508208155632019,
                0.07928041368722916,
                0.10552918910980225,
                0.21408149600028992,
                0.313861608505249,
                0.34327754378318787,
                0.34939220547676086,
                0.37827154994010925,
                0.39967069029808044
            ]
        ]
    },