{
    "client-2: BoT": {
        "accuracy": [
            [
                0.3492412567138672,
                0.07250744849443436,
                0.028116580098867416,
                0.03134307265281677,
                0.03719330579042435,
                0.12576229870319366,
                0.18660473823547363,
                0.19550418853759766,
                0.20216991007328033,
                0.2080201357603073
            ]
        ],
        "precision": [
            [
                0.9950355887413025,
                0.9913855195045471,
                0.9915966391563416,
                1.0,
                0.9493975639343262,
                0.9890971183776855,
                0.992484450340271,
                0.9892799258232117,
                0.984947919845581,
                0.9819869995117188
            ]
        ],
        "recall": [
            [
                0.33493170142173767,
                0.05016710236668587,
                0.004286544397473335,
                0.0075559429824352264,
                0.014312699437141418,
                0.10545626282691956,
                0.16790176928043365,
                0.17767363786697388,
                0.1854112148284912,
                0.1920953243970871
            ]
        ],
        "f1_score": [
            [
                0.5011686682701111,
                0.09550153464078903,
                0.00853618886321783,
                0.014998557046055794,
                0.028200263157486916,
                0.19059187173843384,
                0.2872145473957062,
                0.3012441396713257,
                0.31207582354545593,
                0.32133200764656067
            ]
        ]
    },
    "client-1: ToN": {
        "accuracy": [
            [
                0.3782598078250885,
                0.5173397064208984,
                0.5555713176727295,
                0.5014374256134033,
                0.3869631290435791,
                0.4114348292350769,
                0.4563140571117401,
                0.479257732629776,
                0.5700401067733765,
                0.6469522714614868
            ]
        ],
        "precision": [
            [
                0.7199382185935974,
                0.9344898462295532,
                0.9679843187332153,
                0.9759855270385742,
                0.9399375915527344,
                0.9498267769813538,
                0.9549152851104736,
                0.9286444187164307,
                0.7856713533401489,
                0.7256314754486084
            ]
        ],
        "recall": [
            [
                0.04592634364962578,
                0.26398414373397827,
                0.3156851530075073,
                0.2261841744184494,
                0.044510386884212494,
                0.08437888324260712,
                0.15751628577709198,
                0.20142334699630737,
                0.4508538842201233,
                0.7205387949943542
            ]
        ],
        "f1_score": [
            [
                0.08634459227323532,
                0.4116743505001068,
                0.47610121965408325,
                0.3672567903995514,
                0.0849958285689354,
                0.15498913824558258,
                0.27042511105537415,
                0.3310432732105255,
                0.5729328393936157,
                0.7230761051177979
            ]
        ]
    },
    "client-3: UNSW": {
        "accuracy": [
            [
                0.9557985067367554,
                0.9616506695747375,
                0.9621537327766418,
                0.9621704816818237,
                0.9621704816818237,
                0.9621704816818237,
                0.9621872901916504,
                0.9621872901916504,
                0.9621872901916504,
                0.9626399874687195
            ]
        ],
        "precision": [
            [
                0.40889525413513184,
                0.4252336323261261,
                0.25,
                0.0,
                0.0,
                0.0,
                0.5,
                0.5,
                0.5,
                0.8857142925262451
            ]
        ],
        "recall": [
            [
                0.3791574239730835,
                0.04035476595163345,
                0.0004434589936863631,
                0.0,
                0.0,
                0.0,
                0.0004434589936863631,
                0.0008869179873727262,
                0.0013303769519552588,
                0.013747228309512138
            ]
        ],
        "f1_score": [
            [
                0.3934652507305145,
                0.07371405512094498,
                0.0008853475446812809,
                0.0,
                0.0,
                0.0,
                0.0008861320675350726,
                0.0017706950893625617,
                0.0026536930818110704,
                0.027074236422777176
            ]
        ]
    },
    "client-4: CSE": {
        "accuracy": [
            [
                0.8890027403831482,
                0.919575572013855,
                0.9182732105255127,
                0.923589289188385,
                0.9160742163658142,
                0.9175046682357788,
                0.9296633005142212,
                0.9308375716209412,
                0.9235786199569702,
                0.8634684681892395
            ]
        ],
        "precision": [
            [
                0.5045764446258545,
                0.7176401615142822,
                0.7384305596351624,
                0.8190149068832397,
                0.8843240141868591,
                0.9450867176055908,
                0.9582844972610474,
                0.9533258080482483,
                0.8191021680831909,
                0.3965111970901489
            ]
        ],
        "recall": [
            [
                0.5355238318443298,
                0.4657142758369446,
                0.4194285571575165,
                0.40857142210006714,
                0.28904762864112854,
                0.28028571605682373,
                0.38942858576774597,
                0.4026666581630707,
                0.4083809554576874,
                0.41780951619148254
            ]
        ],
        "f1_score": [
            [
                0.5195897221565247,
                0.5648608207702637,
                0.5349854230880737,
                0.5451772809028625,
                0.4356876015663147,
                0.4323490560054779,
                0.5538023710250854,
                0.566186785697937,
                0.5450270175933838,
                0.40688183903694153
            ]
        ]
    },