{
    "client-2: UNSW": {
        "accuracy": [
            [
                0.9622499942779541,
                0.9778599739074707,
                0.9730200171470642,
                0.9911699891090393,
                0.9904699921607971,
                0.9840800166130066,
                0.9912099838256836,
                0.990559995174408,
                0.993120014667511,
                0.9909399747848511,
                0.9940299987792969,
                0.9935399889945984,
                0.9920499920845032,
                0.9932900071144104,
                0.9898999929428101,
                0.993120014667511,
                0.993179976940155,
                0.975350022315979,
                0.9883900284767151,
                0.9896699786186218
            ]
        ],
        "precision": [
            [
                0.5850168466567993,
                0.9008640050888062,
                0.6177065968513489,
                0.9018181562423706,
                0.9237667918205261,
                0.8934345245361328,
                0.9239190220832825,
                0.9183448553085327,
                0.9261466860771179,
                0.9210309982299805,
                0.9261220097541809,
                0.9241151213645935,
                0.9087872505187988,
                0.9107853174209595,
                0.9259259104728699,
                0.918767511844635,
                0.9229781627655029,
                0.6262525320053101,
                0.9187983274459839,
                0.9309133291244507
            ]
        ],
        "recall": [
            [
                0.17475484311580658,
                0.4981141686439514,
                0.843852162361145,
                0.8730198740959167,
                0.8287653923034668,
                0.6809152364730835,
                0.8488810658454895,
                0.8370631337165833,
                0.8986673355102539,
                0.8446064591407776,
                0.9235605001449585,
                0.9124968647956848,
                0.8893638253211975,
                0.9215489029884338,
                0.8109127283096313,
                0.907216489315033,
                0.9039477109909058,
                0.9429218173027039,
                0.7767161130905151,
                0.7995976805686951
            ]
        ],
        "f1_score": [
            [
                0.2691190838813782,
                0.6415154933929443,
                0.7132837176322937,
                0.8871853947639465,
                0.8736911416053772,
                0.7728310823440552,
                0.8848119378089905,
                0.8758221864700317,
                0.9122000932693481,
                0.8811647891998291,
                0.924839437007904,
                0.9182692170143127,
                0.8989706635475159,
                0.9161354899406433,
                0.8646113276481628,
                0.9129554629325867,
                0.9133638143539429,
                0.7526342272758484,
                0.841804027557373,
                0.8602732419967651
            ]
        ],
        "final_loss": [
            [
                0.18003343227386476,
                0.08274293798685074,
                0.06708096323370934,
                0.04207002605319023,
                0.028596030012369156,
                0.03361452749729157,
                0.024395030445456503,
                0.028635343934893608,
                0.01833753412604332,
                0.02164406821548939,
                0.014530150845348835,
                0.015459390560984611,
                0.018899303450286387,
                0.017230745168328284,
                0.032418542954325676,
                0.01540013516753912,
                0.01712983025640249,
                0.0564155462384224,
                0.029161327893137932,
                0.03602213002681732
            ]
        ]
    },
    "client-3: CSE": {
        "accuracy": [
            [
                0.8811888098716736,
                0.9022390246391296,
                0.8252282738685608,
                0.8456584811210632,
                0.8864688873291016,
                0.8815388083457947,
                0.9145891666412354,
                0.8647686243057251,
                0.834558367729187,
                0.85686856508255,
                0.8707786798477173,
                0.8749887347221375,
                0.8337483406066895,
                0.8476884961128235,
                0.9459594488143921,
                0.909679114818573,
                0.9245292544364929,
                0.9242092370986938,
                0.9545095562934875,
                0.8849088549613953
            ]
        ],
        "precision": [
            [
                0.5046716928482056,
                0.5541724562644958,
                0.4008541703224182,
                0.43067610263824463,
                0.5141735076904297,
                0.5023931860923767,
                0.5944508910179138,
                0.4660881459712982,
                0.4155944287776947,
                0.4526112973690033,
                0.47837525606155396,
                0.4880719482898712,
                0.4158169627189636,
                0.43770185112953186,
                0.7197315692901611,
                0.5741342306137085,
                0.6212630271911621,
                0.6215870380401611,
                0.7410615682601929,
                0.5105100870132446
            ]
        ],
        "recall": [
            [
                0.32086679339408875,
                0.9312248826026917,
                0.9344879388809204,
                0.904953122138977,
                0.909052848815918,
                0.9308902025222778,
                0.8980923891067505,
                0.9032797813415527,
                0.9458668231964111,
                0.9433567523956299,
                0.897674024105072,
                0.9397590160369873,
                0.9656124711036682,
                0.9637717604637146,
                0.8972557187080383,
                0.9460341334342957,
                0.9441097974777222,
                0.9352409839630127,
                0.9520582556724548,
                0.9001840949058533
            ]
        ],
        "f1_score": [
            [
                0.392307311296463,
                0.6948432326316833,
                0.5610447525978088,
                0.5836076140403748,
                0.6568328142166138,
                0.6525895595550537,
                0.7153854370117188,
                0.614893913269043,
                0.5774633288383484,
                0.6117244362831116,
                0.6241419315338135,
                0.6424710750579834,
                0.5813080668449402,
                0.6020016074180603,
                0.7987487316131592,
                0.714592695236206,
                0.7493939995765686,
                0.7468181252479553,
                0.833412766456604,
                0.6515275835990906
            ]
        ],
        "final_loss": [
            [
                0.3083402323530195,
                0.2744342268704188,
                0.4589834425204132,
                0.34346240854294063,
                0.31269078902060304,
                0.31142635483337827,
                0.2296545551853345,
                0.34329440337202366,
                0.4166757464766506,
                0.3958594343237491,
                0.3325583032274162,
                0.32911265872041207,
                0.4106512766046335,
                0.3540519731679136,
                0.19014180962426108,
                0.2628522728123409,
                0.20559417842161043,
                0.22441887106530328,
                0.15104207617434087,
                0.24953667034096613
            ]
        ]
    },