{
    "client-3: UNSW": {
        "accuracy": [
            [
                0.9807659983634949,
                0.9820942878723145,
                0.9809752106666565,
                0.9800129532814026,
                0.980786919593811,
                0.9800338745117188,
                0.9756620526313782,
                0.9751809239387512,
                0.9751914143562317,
                0.9752436876296997
            ]
        ],
        "precision": [
            [
                0.8647342920303345,
                0.8946374654769897,
                0.9085290431976318,
                0.9134237170219421,
                0.9277318120002747,
                0.935172438621521,
                0.9456193447113037,
                0.9424148797988892,
                0.9397293925285339,
                0.9356405735015869
            ]
        ],
        "recall": [
            [
                0.6120463013648987,
                0.6230931282043457,
                0.579957902431488,
                0.5494476556777954,
                0.5604944825172424,
                0.5349816083908081,
                0.411625474691391,
                0.40031561255455017,
                0.4018937349319458,
                0.40531298518180847
            ]
        ],
        "f1_score": [
            [
                0.7167719006538391,
                0.7345737218856812,
                0.7079787254333496,
                0.686155378818512,
                0.6988030672073364,
                0.6806089878082275,
                0.5735751986503601,
                0.5619346499443054,
                0.5630066394805908,
                0.5656083822250366
            ]
        ],
        "final_loss": [
            [
                0.2919583847603728,
                0.15893971702446374,
                0.11056606624178351,
                0.09012176267126637,
                0.07998735973990892,
                0.07702089650760219,
                0.07476581076362444,
                0.07249811471078364,
                0.07498535922330399,
                0.07729575253497237
            ]
        ]
    },
    "client-2: BoT": {
        "accuracy": [
            [
                0.19537034630775452,
                0.46640849113464355,
                0.3009830713272095,
                0.24595898389816284,
                0.24779054522514343,
                0.2309534102678299,
                0.2769521176815033,
                0.2830205261707306,
                0.2668895423412323,
                0.26142796874046326
            ]
        ],
        "precision": [
            [
                0.9935828447341919,
                0.9976982474327087,
                0.9966832399368286,
                0.995802104473114,
                0.9957889318466187,
                0.9946236610412598,
                0.9967520833015442,
                0.9967052340507507,
                0.9965461492538452,
                0.996557891368866
            ]
        ],
        "recall": [
            [
                0.19373483955860138,
                0.4655682146549225,
                0.29947182536125183,
                0.2442835122346878,
                0.2461327165365219,
                0.22943449020385742,
                0.2752549648284912,
                0.2813783884048462,
                0.2651784420013428,
                0.25967511534690857
            ]
        ],
        "f1_score": [
            [
                0.3242461681365967,
                0.6348762512207031,
                0.4605599343776703,
                0.3923245668411255,
                0.39470481872558594,
                0.3728596866130829,
                0.43138277530670166,
                0.43886223435401917,
                0.418891042470932,
                0.41199567914009094
            ]
        ],
        "final_loss": [
            [
                0.804563607858146,
                0.7353116536150175,
                0.9256717325803686,
                1.108742803931348,
                1.2967314797032903,
                1.548293164357943,
                1.5423991438222735,
                1.5774606801694004,
                1.673173699514127,
                1.779836691834687
            ]
        ]
    },
    "client-4: CSE": {
        "accuracy": [
            [
                0.8198586702346802,
                0.8324953317642212,
                0.8397994041442871,
                0.8439542651176453,
                0.851073145866394,
                0.8522904515266418,
                0.8506761789321899,
                0.8168285489082336,
                0.7498478293418884,
                0.6845608353614807
            ]
        ],
        "precision": [
            [
                0.13588683307170868,
                0.062484920024871826,
                0.0727979987859726,
                0.0797564685344696,
                0.3079315721988678,
                0.32356351613998413,
                0.33313584327697754,
                0.28466564416885376,
                0.20395801961421967,
                0.16287964582443237
            ]
        ],
        "recall": [
            [
                0.09466341882944107,
                0.02867581881582737,
                0.02900797128677368,
                0.02900797128677368,
                0.19729849696159363,
                0.21634189784526825,
                0.2490035444498062,
                0.3520814776420593,
                0.3765500485897064,
                0.3960363268852234
            ]
        ],
        "f1_score": [
            [
                0.11158965528011322,
                0.03931092098355293,
                0.04148523509502411,
                0.042542826384305954,
                0.24050205945968628,
                0.2593059539794922,
                0.28499019145965576,
                0.31480473279953003,
                0.26459717750549316,
                0.23082630336284637
            ]
        ],
        "final_loss": [
            [
                0.43111436253053076,
                0.4111975264562821,
                0.41934450544298796,
                0.44455712072496634,
                0.47475858743906835,
                0.48021120199340206,
                0.49880734715176667,
                0.5511275315068943,
                0.6132672020478983,
                0.6777476078005761
            ]
        ]
    },
    "client-1: ToN": {
        "accuracy": [
            [
                0.6338311433792114,
                0.645514190196991,
                0.6418740153312683,
                0.660443902015686,
                0.7034080028533936,
                0.8122940063476562,
                0.6768198609352112,
                0.6518451571464539,
                0.625709593296051,
                0.694041907787323
            ]
        ],
        "precision": [
            [
                0.8783548474311829,
                0.9014708399772644,
                0.9056804180145264,
                0.9085119366645813,
                0.9103178977966309,
                0.9222819209098816,
                0.9156607985496521,
                0.9392234086990356,
                0.9331697225570679,
                0.9271693229675293
            ]
        ],
        "recall": [
            [
                0.49659091234207153,
                0.500810980796814,
                0.4915791153907776,
                0.5219650268554688,
                0.5951741933822632,
                0.7717171311378479,
                0.5452099442481995,
                0.4875127673149109,
                0.4471493363380432,
                0.5663948059082031
            ]
        ],