{
    "client-1: ToN": {
        "accuracy": [
            [
                0.17133675515651703,
                0.3758278787136078,
                0.42708781361579895,
                0.45291373133659363,
                0.4747423231601715,
                0.47284162044525146,
                0.4823842942714691,
                0.48542147874832153,
                0.48381471633911133,
                0.606282114982605
            ]
        ],
        "precision": [
            [
                0.9961832165718079,
                0.9798399806022644,
                0.9762091040611267,
                0.9754655957221985,
                0.9672149419784546,
                0.9690561890602112,
                0.9646093249320984,
                0.9620658755302429,
                0.9620968103408813,
                0.9686353206634521
            ]
        ],
        "recall": [
            [
                0.03571265563368797,
                0.27931585907936096,
                0.3415507376194,
                0.37265679240226746,
                0.4023261070251465,
                0.3992246389389038,
                0.41272521018981934,
                0.4175826609134674,
                0.41562142968177795,
                0.5599088072776794
            ]
        ],
        "f1_score": [
            [
                0.06895336508750916,
                0.43471163511276245,
                0.5060480833053589,
                0.5392891764640808,
                0.568271815776825,
                0.5654849410057068,
                0.5781000256538391,
                0.5823831558227539,
                0.5804787278175354,
                0.7096260786056519
            ]
        ]
    },
    "client-2: BoT": {
        "accuracy": [
            [
                0.030887417495250702,
                0.14304636418819427,
                0.09954966604709625,
                0.0978013277053833,
                0.11401324719190598,
                0.10325827449560165,
                0.22553642094135284,
                0.3514702022075653,
                0.37133774161338806,
                0.38680794835090637
            ]
        ],
        "precision": [
            [
                0.8108108043670654,
                0.9819819927215576,
                0.9589422345161438,
                0.9573257565498352,
                0.9522727131843567,
                0.9477756023406982,
                0.9699974656105042,
                0.9715838432312012,
                0.9732863903045654,
                0.9741173386573792
            ]
        ],
        "recall": [
            [
                0.0016380016459152102,
                0.11902812123298645,
                0.07523887604475021,
                0.073491670191288,
                0.09150969237089157,
                0.08026207983493805,
                0.2082992047071457,
                0.34163254499435425,
                0.36205294728279114,
                0.37810537219047546
            ]
        ],
        "f1_score": [
            [
                0.0032693983521312475,
                0.21232043206691742,
                0.13953018188476562,
                0.13650423288345337,
                0.16697385907173157,
                0.14799155294895172,
                0.342952162027359,
                0.5055140256881714,
                0.5277777910232544,
                0.5447608828544617
            ]
        ]
    },
    "client-3: UNSW": {
        "accuracy": [
            [
                0.9778000712394714,
                0.9807279706001282,
                0.9794043898582458,
                0.9790033102035522,
                0.9796651005744934,
                0.9793241620063782,
                0.9790334105491638,
                0.9796450138092041,
                0.9800862073898315,
                0.980537474155426
            ]
        ],
        "precision": [
            [
                0.7572129964828491,
                0.8217789530754089,
                0.8425372838973999,
                0.8592000007629395,
                0.8589051365852356,
                0.8700404763221741,
                0.8806601762771606,
                0.8817734122276306,
                0.8829444646835327,
                0.8844181299209595
            ]
        ],
        "recall": [
            [
                0.6341902017593384,
                0.6460154056549072,
                0.5804627537727356,
                0.5521851181983948,
                0.5727506279945374,
                0.5524421334266663,
                0.534961462020874,
                0.5521851181983948,
                0.5642673373222351,
                0.5763496160507202
            ]
        ],
        "f1_score": [
            [
                0.6902629733085632,
                0.7233735918998718,
                0.687366783618927,
                0.6723005175590515,
                0.6872300505638123,
                0.6757861375808716,
                0.6656005382537842,
                0.6791021227836609,
                0.6885194778442383,
                0.697898805141449
            ]
        ]
    },
    "client-4: CSE": {
        "accuracy": [
            [
                0.7596619725227356,
                0.7390331625938416,
                0.7831312417984009,
                0.7998543977737427,
                0.7820660471916199,
                0.8078964948654175,
                0.7686094045639038,
                0.6618615388870239,
                0.6247581243515015,
                0.5533206462860107
            ]
        ],
        "precision": [
            [
                0.15780256688594818,
                0.18367347121238708,
                0.22446952760219574,
                0.24518613517284393,
                0.22429990768432617,
                0.2576194405555725,
                0.21145668625831604,
                0.14274665713310242,
                0.12878039479255676,
                0.10848475247621536
            ]
        ],
        "recall": [
            [
                0.280058890581131,
                0.40781939029693604,
                0.4066742956638336,
                0.40618354082107544,
                0.41010960936546326,
                0.40929168462753296,
                0.41485360264778137,
                0.4227057099342346,
                0.4263046085834503,
                0.43170294165611267
            ]
        ],
        "f1_score": [
            [
                0.20186300575733185,
                0.25327643752098083,
                0.28927159309387207,
                0.30578815937042236,
                0.2899942100048065,
                0.31620854139328003,
                0.28012815117836,
                0.21342144906520844,
                0.19780637323856354,
                0.17339597642421722
            ]
        ]
    },