{
    "client-3: UNSW": {
        "accuracy": [
            [
                0.9327220320701599,
                0.9186485409736633,
                0.9782277941703796,
                0.9164909720420837,
                0.9162212610244751,
                0.9236012101173401,
                0.8920217752456665,
                0.9175697565078735,
                0.9265924692153931,
                0.9203893542289734,
                0.9270828366279602,
                0.9799195528030396,
                0.9205119609832764,
                0.9183052778244019,
                0.918918251991272,
                0.9168832302093506,
                0.9156328439712524,
                0.9171529412269592,
                0.9169567823410034,
                0.9178639650344849
            ]
        ],
        "precision": [
            [
                0.9134045243263245,
                0.9555555582046509,
                0.8419501781463623,
                0.9268292784690857,
                0.75,
                0.9380053877830505,
                0.10041493922472,
                0.8834951519966125,
                0.946107804775238,
                0.9663461446762085,
                0.9533980488777161,
                0.8611570000648499,
                0.9671361446380615,
                0.9504132270812988,
                0.9294871687889099,
                0.8695651888847351,
                0.5,
                0.8297872543334961,
                0.7288135886192322,
                0.8181818127632141
            ]
        ],
        "recall": [
            [
                0.22377215325832367,
                0.03748910129070282,
                0.9133972525596619,
                0.011043301783502102,
                0.010462074540555477,
                0.10113339126110077,
                0.03516419604420662,
                0.026445800438523293,
                0.13775065541267395,
                0.05841325223445892,
                0.14269107580184937,
                0.9084568619728088,
                0.05986631661653519,
                0.03342051804065704,
                0.04213891178369522,
                0.017436791211366653,
                0.001743679167702794,
                0.02266782894730568,
                0.02499273419380188,
                0.03400174528360367
            ]
        ],
        "f1_score": [
            [
                0.35947713255882263,
                0.07214765250682831,
                0.876219630241394,
                0.02182653732597828,
                0.020636284723877907,
                0.1825813204050064,
                0.05208781734108925,
                0.05135440081357956,
                0.24048705399036407,
                0.11016716808080673,
                0.24823051691055298,
                0.8841747641563416,
                0.11275314539670944,
                0.06457047164440155,
                0.08062274008989334,
                0.034188032150268555,
                0.003475239034742117,
                0.044130124151706696,
                0.04832817614078522,
                0.0652901753783226
            ]
        ]
    },
    "client-2: BoT": {
        "accuracy": [
            [
                0.031088082119822502,
                0.023674771189689636,
                0.33646872639656067,
                0.17791949212551117,
                0.2173774391412735,
                0.04312475025653839,
                0.17130330204963684,
                0.11111997067928314,
                0.1223595067858696,
                0.12562774121761322,
                0.13766440749168396,
                0.267437219619751,
                0.12491032481193542,
                0.12044639140367508,
                0.1182144284248352,
                0.29422080516815186,
                0.1052212044596672,
                0.3923475444316864,
                0.5804703235626221,
                0.6340374946594238
            ]
        ],
        "precision": [
            [
                0.8951048851013184,
                0.7272727489471436,
                0.9903033375740051,
                0.9449248909950256,
                0.9537037014961243,
                0.7291666865348816,
                0.9732052683830261,
                0.8946996331214905,
                0.8921446204185486,
                0.8996922969818115,
                0.9018846750259399,
                0.9430052042007446,
                0.8947368264198303,
                0.8939974308013916,
                0.8920676112174988,
                0.9669037461280823,
                0.8854397535324097,
                0.9766057729721069,
                0.9839712381362915,
                0.9853331446647644
            ]
        ],
        "recall": [
            [
                0.010433648712933064,
                0.002608412178233266,
                0.32466578483581543,
                0.1692207306623459,
                0.20989567041397095,
                0.03423541039228439,
                0.15691229701042175,
                0.10319530218839645,
                0.11664492636919022,
                0.11917182803153992,
                0.13262145221233368,
                0.26703619956970215,
                0.11917182803153992,
                0.11411803215742111,
                0.11183567345142365,
                0.28814801573753357,
                0.09765242785215378,
                0.3879197835922241,
                0.5804532170295715,
                0.6352298855781555
            ]
        ],
        "f1_score": [
            [
                0.020626861602067947,
                0.005198180675506592,
                0.4890116751194,
                0.2870376408100128,
                0.34406736493110657,
                0.06540019065141678,
                0.2702513039112091,
                0.18504713475704193,
                0.20631487667560577,
                0.2104656994342804,
                0.23123933374881744,
                0.41621139645576477,
                0.21032944321632385,
                0.20239989459514618,
                0.1987541764974594,
                0.44398391246795654,
                0.17590485513210297,
                0.5552768111228943,
                0.7301717400550842,
                0.7724637389183044
            ]
        ]
    },
    "client-1: ToN": {
        "accuracy": [
            [
                0.10696085542440414,
                0.24438752233982086,
                0.3290086090564728,
                0.4164945185184479,
                0.46034762263298035,
                0.4303225576877594,
                0.6384871602058411,
                0.5309478640556335,
                0.6502217650413513,
                0.5299837589263916,
                0.73319011926651,
                0.5365947484970093,
                0.5363468527793884,
                0.5159904360771179,
                0.5164586901664734,
                0.4890780448913574,
                0.5164036154747009,
                0.5055505037307739,
                0.5049445033073425,
                0.5009503364562988
            ]
        ],
        "precision": [
            [
                0.8149171471595764,
                0.953889012336731,
                0.9329363703727722,
                0.9227195382118225,
                0.9241764545440674,
                0.9549152255058289,
                0.9403644800186157,
                0.9324473738670349,
                0.937768816947937,
                0.9154891967773438,
                0.9353480935096741,
                0.8976730108261108,
                0.9139447212219238,
                0.9119623899459839,
                0.9102968573570251,
                0.9288321137428284,
                0.93462735414505,
                0.9290134310722351,
                0.9275227189064026,
                0.9274578094482422
            ]
        ],