{
    "client-4: CSE": {
        "accuracy": [
            [
                0.8755999803543091,
                0.789618194103241,
                0.7830209136009216
            ],
            [
                0.8431469202041626,
                0.6737116575241089,
                0.7413830757141113
            ]
        ],
        "precision": [
            [
                0.24038460850715637,
                0.2333228886127472,
                0.23258326947689056
            ],
            [
                0.30656346678733826,
                0.1471552550792694,
                0.1871218979358673
            ]
        ],
        "recall": [
            [
                0.06315409392118454,
                0.4032840132713318,
                0.42710211873054504
            ],
            [
                0.34301695227622986,
                0.4130277931690216,
                0.4074341356754303
            ]
        ],
        "f1_score": [
            [
                0.10002857446670532,
                0.29561537504196167,
                0.3011642098426819
            ],
            [
                0.32376736402511597,
                0.2169976830482483,
                0.2564597427845001
            ]
        ]
    },
    "client-1: ToN": {
        "accuracy": [
            [
                0.14274251461029053,
                0.15612326562404633,
                0.15913772583007812
            ],
            [
                0.15395458042621613,
                0.18086791038513184,
                0.3109453320503235
            ]
        ],
        "precision": [
            [
                0.5714285969734192,
                0.9352112412452698,
                0.8437783718109131
            ],
            [
                0.983208954334259,
                0.9710766077041626,
                0.9880458116531372
            ]
        ],
        "recall": [
            [
                0.00010118896898347884,
                0.016797369346022606,
                0.023501139134168625
            ],
            [
                0.013331647031009197,
                0.04586390033364296,
                0.19863395392894745
            ]
        ],
        "f1_score": [
            [
                0.00020234209659975022,
                0.033001989126205444,
                0.04572863504290581
            ],
            [
                0.026306593790650368,
                0.08759089559316635,
                0.33077070116996765
            ]
        ]
    },
    "client-2: BoT": {
        "accuracy": [
            [
                0.26388177275657654,
                0.34185847640037537,
                0.36629724502563477
            ],
            [
                0.0383063368499279,
                0.1076442152261734,
                0.10127877444028854
            ]
        ],
        "precision": [
            [
                0.9945094585418701,
                0.9933798313140869,
                0.9904305934906006
            ],
            [
                0.8152173757553101,
                0.9597625136375427,
                0.9572039842605591
            ]
        ],
        "recall": [
            [
                0.24369698762893677,
                0.32477331161499023,
                0.3511553108692169
            ],
            [
                0.013161743059754372,
                0.08511260896921158,
                0.07850248366594315
            ]
        ],
        "f1_score": [
            [
                0.39146777987480164,
                0.4895080029964447,
                0.5184833407402039
            ],
            [
                0.025905245915055275,
                0.15635913610458374,
                0.14510460197925568
            ]
        ]
    },
    "client-3: UNSW": {
        "accuracy": [
            [
                0.9688331484794617,
                0.9767143130302429,
                0.9768931269645691
            ],
            [
                0.9744784832000732,
                0.980012059211731,
                0.9794978499412537
            ]
        ],
        "precision": [
            [
                0.9021615386009216,
                0.8430514931678772,
                0.8216215968132019
            ],
            [
                0.8759305477142334,
                0.8490797281265259,
                0.8553701043128967
            ]
        ],
        "recall": [
            [
                0.22689557075500488,
                0.4964234530925751,
                0.5218884348869324
            ],
            [
                0.4040057361125946,
                0.5939913988113403,
                0.5719599723815918
            ]
        ],
        "f1_score": [
            [
                0.36259716749191284,
                0.6248874664306641,
                0.6383202075958252
            ],
            [
                0.5529665350914001,
                0.6989899277687073,
                0.6855281591415405
            ]
        ]
    },
    "weighted_metrics": [
        {
            "model_1": {
                "metrics_distributed": {
                    "accuracy": [
                        [
                            1,
                            0.6961390747874975
                        ],
                        [
                            2,
                            0.6881736746057868
                        ],
                        [
                            3,
                            0.689443260729313
                        ]
                    ]
                },
                "losses_distributed": [
                    [
                        1,
                        1.1138366205807844
                    ],
                    [
                        2,
                        1.0458964233131227
                    ],
                    [
                        3,
                        0.9475570012697652
                    ]
                ]
            }
        },
        {
            "model_2": {
                "metrics_distributed": {
                    "accuracy": [
                        [
                            1,
                            0.6733896706718951
                        ],
                        [
                            2,
                            0.6460652295872569
                        ],
                        [
                            3,
                            0.6916245763935148
                        ]
                    ]
                },
                "losses_distributed": [
                    [
                        1,
                        1.0865100543797837
                    ],
                    [
                        2,
                        1.0343908916419955
                    ],
                    [
                        3,
                        0.972245512434775
                    ]
                ]
            }
        }
    ]
}