{
    "client-2: BoT": {
        "accuracy": [
            [
                0.26041489839553833,
                0.26257458329200745,
                0.21062801778316498,
                0.17556123435497284,
                0.14146064221858978
            ],
            [
                0.30929240584373474,
                0.38772377371788025,
                0.3866439461708069,
                0.3103722631931305,
                0.3763000965118408
            ],
            [
                0.3912475109100342,
                0.49042341113090515,
                0.4492185413837433,
                0.3967036008834839,
                0.31526002287864685
            ]
        ],
        "precision": [
            [
                0.9973196983337402,
                0.995668888092041,
                0.9917178153991699,
                0.9861059188842773,
                0.9751552939414978
            ],
            [
                0.9912524819374084,
                0.9926745891571045,
                0.9937333464622498,
                0.9912853837013245,
                0.9916465878486633
            ],
            [
                0.9976613521575928,
                0.9962153434753418,
                0.9949197769165039,
                0.9817127585411072,
                0.9762219190597534
            ]
        ],
        "recall": [
            [
                0.23942673206329346,
                0.24205908179283142,
                0.1891196221113205,
                0.1536121666431427,
                0.11939163506031036
            ],
            [
                0.2916642427444458,
                0.3725650906562805,
                0.3710441589355469,
                0.2927756607532501,
                0.3610997498035431
            ],
            [
                0.37431997060775757,
                0.47733256220817566,
                0.43533197045326233,
                0.386253297328949,
                0.3026030957698822
            ]
        ],
        "f1_score": [
            [
                0.3861503005027771,
                0.38944047689437866,
                0.3176615238189697,
                0.2658163905143738,
                0.21273712813854218
            ],
            [
                0.45071184635162354,
                0.5417889952659607,
                0.5403355956077576,
                0.4520411491394043,
                0.5294167995452881
            ],
            [
                0.5443872213363647,
                0.6454164385795593,
                0.6056562066078186,
                0.5543847680091858,
                0.46199873089790344
            ]
        ],
        "final_loss": [
            [
                1.8353837783989089,
                1.9918508803244848,
                2.3027253899326308,
                2.3201194804512193,
                2.41625698406136
            ],
            [
                1.5191173590730287,
                1.2678766720943337,
                1.3668405161828066,
                1.27712843480453,
                1.2454728257219099
            ],
            [
                1.9391446959670886,
                1.2619686735933158,
                1.1905580838927832,
                1.1520955738204215,
                1.195597475846744
            ]
        ]
    },
    "client-4: CSE": {
        "accuracy": [
            [
                0.8401840925216675,
                0.770043671131134,
                0.7391510605812073,
                0.7307760715484619,
                0.7298477292060852
            ],
            [
                0.8629189729690552,
                0.6709068417549133,
                0.7091867923736572,
                0.7407312393188477,
                0.7320599555969238
            ],
            [
                0.8197404742240906,
                0.7674758434295654,
                0.7452347278594971,
                0.760108232498169,
                0.7798407673835754
            ]
        ],
        "precision": [
            [
                0.397043377161026,
                0.31292933225631714,
                0.28746533393859863,
                0.2813344895839691,
                0.2811642587184906
            ],
            [
                0.4395119547843933,
                0.14559826254844666,
                0.165488600730896,
                0.1871287077665329,
                0.1807909607887268
            ],
            [
                0.16099129617214203,
                0.20936742424964905,
                0.19024759531021118,
                0.20264793932437897,
                0.2227938324213028
            ]
        ],
        "recall": [
            [
                0.8868639469146729,
                0.920606255531311,
                0.9352219700813293,
                0.9388307332992554,
                0.9429808855056763
            ],
            [
                0.9164561629295349,
                0.4121255874633789,
                0.4097798764705658,
                0.4092385470867157,
                0.4099602997303009
            ],
            [
                0.15355467796325684,
                0.4049079716205597,
                0.4076145887374878,
                0.4059906303882599,
                0.4063515067100525
            ]
        ],
        "f1_score": [
            [
                0.5485185384750366,
                0.46708783507347107,
                0.4397590458393097,
                0.4329339265823364,
                0.43317168951034546
            ],
            [
                0.5941045880317688,
                0.21517734229564667,
                0.23576432466506958,
                0.2568225562572479,
                0.2509249448776245
            ],
            [
                0.15718507766723633,
                0.2760147750377655,
                0.2594166100025177,
                0.27035143971443176,
                0.2877955436706543
            ]
        ],
        "final_loss": [
            [
                0.443584515093641,
                0.5423532838628518,
                0.5602136147256065,
                0.544663250147278,
                0.5280019342163492
            ],
            [
                0.28232742857932575,
                0.46445563261780715,
                0.47997219684395864,
                0.5082052704443882,
                0.5403951399756333
            ],
            [
                0.3570000377172428,
                0.5587213907643149,
                0.6286540281168173,
                0.6422305239224807,
                0.5862999894329035
            ]
        ]
    },
    "client-1: ToN": {
        "accuracy": [
            [
                0.14321961998939514,
                0.18110646307468414,
                0.2441283017396927,
                0.33425864577293396,
                0.384138286113739
            ],
            [
                0.16807270050048828,
                0.2446487843990326,
                0.2668343782424927,
                0.3707358241081238,
                0.41497689485549927
            ],
            [
                0.1515907198190689,
                0.216477632522583,
                0.30862483382225037,
                0.3502418100833893,
                0.3628635108470917
            ]
        ],
        "precision": [
            [
                0.8108108043670654,
                0.9825518131256104,
                0.9850622415542603,
                0.970287561416626,
                0.948726236820221
            ],
            [
                0.9732793569564819,
                0.9780309200286865,
                0.9805205464363098,
                0.9865790605545044,
                0.9847853183746338
            ],
            [
                0.9416846632957458,
                0.9805029630661011,
                0.9867650866508484,
                0.9868729114532471,
                0.9858332276344299
            ]
        ],