{
    "client-1: BOT": {
        "accuracy": [
            [
                0.9448133111000061,
                0.9571333527565002,
                0.9946266412734985,
                0.9947199821472168,
                0.9963866472244263,
                0.9950533509254456,
                0.9959866404533386,
                0.9960533380508423,
                0.994920015335083,
                0.9553599953651428
            ]
        ],
        "precision": [
            [
                0.9995753765106201,
                0.9997484087944031,
                0.9991404414176941,
                0.999288022518158,
                0.9992490410804749,
                0.9993419051170349,
                0.9993425607681274,
                0.9993827939033508,
                0.9994089007377625,
                0.9999579787254333
            ]
        ],
        "recall": [
            [
                0.9450168609619141,
                0.9572204947471619,
                0.9954637885093689,
                0.9954102635383606,
                0.9971230626106262,
                0.9956912994384766,
                0.996627926826477,
                0.9966546893119812,
                0.995490550994873,
                0.9552400708198547
            ]
        ],
        "f1_score": [
            [
                0.9715307950973511,
                0.9780223965644836,
                0.9972987174987793,
                0.9973453879356384,
                0.9981849193572998,
                0.9975132346153259,
                0.9979833960533142,
                0.998016893863678,
                0.9974458813667297,
                0.977087676525116
            ]
        ],
        "final_loss": [
            [
                0.1843873177878062,
                0.06586569689035415,
                0.03965167882243792,
                0.037105032877723376,
                0.015043381644686063,
                0.013430629414518674,
                0.017936459774474302,
                0.01675661575521032,
                0.025622951016426088,
                0.11542262450297673
            ]
        ]
    },
    "client-2: UNSW": {
        "accuracy": [
            [
                0.9616133570671082,
                0.9792799949645996,
                0.9787866473197937,
                0.9786533117294312,
                0.9854400157928467,
                0.9845466613769531,
                0.9840133190155029,
                0.9870933294296265,
                0.9887199997901917,
                0.9882799983024597
            ]
        ],
        "precision": [
            [
                0.5214852094650269,
                0.7916666865348816,
                0.8368038535118103,
                0.8393120169639587,
                0.8484513163566589,
                0.850442111492157,
                0.8558882474899292,
                0.9428319931030273,
                0.935918390750885,
                0.9495511054992676
            ]
        ],
        "recall": [
            [
                0.419181764125824,
                0.649899423122406,
                0.5794768333435059,
                0.5727699398994446,
                0.7716297507286072,
                0.7417840361595154,
                0.7189805507659912,
                0.7189805507659912,
                0.7689470052719116,
                0.7448021173477173
            ]
        ],
        "f1_score": [
            [
                0.4647704064846039,
                0.7138121724128723,
                0.6847631931304932,
                0.6808849573135376,
                0.8082191348075867,
                0.7924054861068726,
                0.78148353099823,
                0.8158295154571533,
                0.8442562818527222,
                0.834805428981781
            ]
        ],
        "final_loss": [
            [
                0.18110495320796965,
                0.06036030518293381,
                0.050405693305333454,
                0.04699884015639623,
                0.03397987526456515,
                0.03180341846148173,
                0.030480860782464345,
                0.02803446496228377,
                0.02805376741707325,
                0.026138521217604477
            ]
        ]
    },
    "client-3: CSE": {
        "accuracy": [
            [
                0.7562634348869324,
                0.8769450187683105,
                0.8808251023292542,
                0.8920518755912781,
                0.8712649345397949,
                0.8684648871421814,
                0.8842517733573914,
                0.8719183206558228,
                0.8075041174888611,
                0.8378778100013733
            ]
        ],
        "precision": [
            [
                0.15424583852291107,
                0.4911625385284424,
                0.5008696913719177,
                0.5266094207763672,
                0.48081088066101074,
                0.475273072719574,
                0.5083073973655701,
                0.48213690519332886,
                0.3803192675113678,
                0.42228925228118896
            ]
        ],
        "recall": [
            [
                0.2318161576986313,
                0.8215082287788391,
                0.8352298140525818,
                0.9581660032272339,
                0.9657518863677979,
                0.9659749865531921,
                0.9658634662628174,
                0.966532826423645,
                0.9701026082038879,
                0.9684292674064636
            ]
        ],
        "f1_score": [
            [
                0.18523800373077393,
                0.6147681474685669,
                0.6262127757072449,
                0.6796708106994629,
                0.6419963836669922,
                0.6370893120765686,
                0.6660767793655396,
                0.6433504819869995,
                0.5464199185371399,
                0.5881237387657166
            ]
        ],
        "final_loss": [
            [
                0.4397269626500077,
                0.32450450379741447,
                0.27499465670287954,
                0.2691111880318559,
                0.35659823817067704,
                0.34006361688634096,
                0.2870291773430559,
                0.326907224625444,
                0.4678384994686116,
                0.3851863080937792
            ]
        ]
    },
    "weighted_metrics": [
        {
            "model_1": {
                "metrics_distributed": {
                    "accuracy": [
                        [
                            1,
                            0.8875633676846822
                        ],
                        [
                            2,
                            0.9377861221631368
                        ],
                        [
                            3,
                            0.9514127969741821
                        ],
                        [
                            4,
                            0.9551417231559753
                        ],
                        [
                            5,
                            0.9510305325190226
                        ],
                        [
                            6,
                            0.9493549664815267
                        ],
                        [
                            7,
                            0.9547505776087443
                        ],
                        [
                            8,
                            0.9516883293787638
                        ],
                        [
                            9,
                            0.9303813775380453
                        ],
                        [
                            10,
                            0.9271726012229919
                        ]
                    ]
                },