{
    "client-1: BOT": {
        "accuracy": [
            [
                0.915369987487793,
                0.994949996471405,
                0.987820029258728,
                0.9954000115394592,
                0.9953200221061707,
                0.9973499774932861,
                0.9960399866104126,
                0.9955700039863586,
                0.995959997177124,
                0.961899995803833,
                0.995989978313446,
                0.9948700070381165,
                0.9568600058555603,
                0.9623600244522095,
                0.961650013923645,
                0.9626200199127197,
                0.962689995765686,
                0.9603400230407715,
                0.9561100006103516,
                0.9958099722862244
            ]
        ],
        "precision": [
            [
                0.9994412660598755,
                0.9990636706352234,
                0.9993506073951721,
                0.9993354678153992,
                0.9993253350257874,
                0.9992765188217163,
                0.9993559718132019,
                0.999345600605011,
                0.9993559122085571,
                0.9999791383743286,
                0.9993358254432678,
                0.999395489692688,
                0.9999790191650391,
                0.9999791383743286,
                0.9999582767486572,
                0.9999687075614929,
                0.9999687075614929,
                0.9999686479568481,
                0.9999685287475586,
                0.999315619468689
            ]
        ],
        "recall": [
            [
                0.91557776927948,
                0.9958652257919312,
                0.9884185194969177,
                0.9960458278656006,
                0.9959756135940552,
                0.9980630874633789,
                0.9966681003570557,
                0.9962064027786255,
                0.9965878129005432,
                0.9617831707000732,
                0.9966379404067993,
                0.9954537153244019,
                0.9567250609397888,
                0.9622448086738586,
                0.9615523815155029,
                0.9625158309936523,
                0.9625860452651978,
                0.9602276086807251,
                0.9559824466705322,
                0.9964773654937744
            ]
        ],
        "f1_score": [
            [
                0.9556732177734375,
                0.9974619150161743,
                0.9938544631004333,
                0.9976878762245178,
                0.9976476430892944,
                0.998669445514679,
                0.9980102181434631,
                0.9977735280990601,
                0.997969925403595,
                0.9805092811584473,
                0.9979850053787231,
                0.9974207282066345,
                0.9778739213943481,
                0.9807491302490234,
                0.9803793430328369,
                0.980884850025177,
                0.9809213876724243,
                0.9796952605247498,
                0.9774808883666992,
                0.9978944659233093
            ]
        ],
        "final_loss": [
            [
                0.16376415439128875,
                0.025292035997509957,
                0.05784486001849175,
                0.01882376875460148,
                0.023826899807453155,
                0.012323212693631649,
                0.03231827830731869,
                0.020659780080914496,
                0.02445798547923565,
                0.04472691262364387,
                0.01703439521551132,
                0.037350569540262224,
                0.04903826886534691,
                0.05238234925866127,
                0.057532829535007476,
                0.050429179229736325,
                0.05195126791119575,
                0.043835906739234924,
                0.070120626039505,
                0.013531830926835537
            ]
        ]
    },
    "client-2: UNSW": {
        "accuracy": [
            [
                0.9621599912643433,
                0.9691399931907654,
                0.9649099707603455,
                0.982990026473999,
                0.9830700159072876,
                0.9872400164604187,
                0.986270010471344,
                0.9864599704742432,
                0.9876599907875061,
                0.9866300225257874,
                0.9877300262451172,
                0.9879699945449829,
                0.9884799718856812,
                0.9890300035476685,
                0.9877600073814392,
                0.9883000254631042,
                0.9882699847221375,
                0.9822800159454346,
                0.9880399703979492,
                0.9897000193595886
            ]
        ],
        "precision": [
            [
                0.7703081369400024,
                0.6424688100814819,
                0.9698795080184937,
                0.9671592712402344,
                0.9604838490486145,
                0.941772997379303,
                0.9587737917900085,
                0.9587268233299255,
                0.951299786567688,
                0.9586518406867981,
                0.9446960091590881,
                0.9491580128669739,
                0.9540340900421143,
                0.9438964128494263,
                0.9496896266937256,
                0.9485458731651306,
                0.9447969794273376,
                0.9524005055427551,
                0.9533746242523193,
                0.9402449727058411
            ]
        ],
        "recall": [
            [
                0.06914760172367096,
                0.5051546096801758,
                0.1214483305811882,
                0.5924063324928284,
                0.5989439487457275,
                0.7239124774932861,
                0.6841840744018555,
                0.6892129778862,
                0.7269298434257507,
                0.6937389969825745,
                0.7344732284545898,
                0.7369876503944397,
                0.7462911605834961,
                0.7699270844459534,
                0.7309529781341553,
                0.7462911605834961,
                0.7488056421279907,
                0.5836057066917419,
                0.7352275848388672,
                0.7912999987602234
            ]
        ],
        "f1_score": [
            [
                0.12690356373786926,
                0.5655968189239502,
                0.21586592495441437,
                0.7347575426101685,
                0.7378039956092834,
                0.8185954093933105,
                0.7985326647758484,
                0.8019309639930725,
                0.8241163492202759,
                0.8049598336219788,
                0.8264252543449402,
                0.8297239542007446,
                0.8374717831611633,
                0.8480819463729858,
                0.8260869383811951,
                0.8353503942489624,
                0.8354607820510864,
                0.7237293124198914,
                0.8302101492881775,
                0.8593664765357971
            ]
        ],
        "final_loss": [
            [
                0.10281726135730744,
                0.08870009280920028,
                0.07508940751791,
                0.046972546291351315,
                0.04776789753317833,
                0.02944128840506077,
                0.03142478026509285,
                0.03276064299106598,
                0.027318921330571174,
                0.029390160080194475,
                0.029357290553450585,
                0.030512933763861657,
                0.023410126209557056,
                0.02345360113978386,
                0.03236549468338489,
                0.029460852599143984,
                0.027845506805181504,
                0.038801224385499954,
                0.028325861787199973,
                0.022222018582224844
            ]
        ]
    },