{
    "model_1": {
        "round_1": {
            "client-1: ToN": {
                "accuracy": 0.7400818467140198,
                "precision": 0.7326108813285828,
                "recall": 0.9291102290153503,
                "f1_score": 0.8192424774169922,
                "final_loss": 0.0010791452614459264
            },
            "client-2: BoT": {
                "accuracy": 0.9213666915893555,
                "precision": 0.9973139762878418,
                "recall": 0.9235712289810181,
                "f1_score": 0.959027111530304,
                "final_loss": 0.0005980942875849023
            },
            "client-3: UNSW": {
                "accuracy": 0.3234039545059204,
                "precision": 0.049526896327733994,
                "recall": 0.9979321956634521,
                "f1_score": 0.09437023848295212,
                "final_loss": 0.0016426153179500292
            }
        },
        "round_2": {
            "client-1: ToN": {
                "accuracy": 0.8105928301811218,
                "precision": 0.8283448219299316,
                "recall": 0.884524405002594,
                "f1_score": 0.855513334274292,
                "final_loss": 0.0009584681099960723
            },
            "client-2: BoT": {
                "accuracy": 0.9194930791854858,
                "precision": 0.9978029727935791,
                "recall": 0.9212318658828735,
                "f1_score": 0.9579897522926331,
                "final_loss": 0.000481011033622706
            },
            "client-3: UNSW": {
                "accuracy": 0.5769028663635254,
                "precision": 0.07670717686414719,
                "recall": 0.9946236610412598,
                "f1_score": 0.1424299031496048,
                "final_loss": 0.0013233558194666905
            }
        },
        "round_3": {
            "client-1: ToN": {
                "accuracy": 0.8422417640686035,
                "precision": 0.8773118257522583,
                "recall": 0.8732740879058838,
                "f1_score": 0.8752883076667786,
                "final_loss": 0.0008574991877241228
            },
            "client-2: BoT": {
                "accuracy": 0.9183866381645203,
                "precision": 0.9985527992248535,
                "recall": 0.9194255471229553,
                "f1_score": 0.9573569893836975,
                "final_loss": 0.0004014471380416162
            },
            "client-3: UNSW": {
                "accuracy": 0.6853031516075134,
                "precision": 0.10008783638477325,
                "recall": 0.9896608591079712,
                "f1_score": 0.1817905604839325,
                "final_loss": 0.001083103702223327
            }
        }
    },
    "model_2": {
        "round_1": {
            "client-1: ToN": {
                "accuracy": 0.8072699308395386,
                "precision": 0.8281297087669373,
                "recall": 0.8782600164413452,
                "f1_score": 0.8524585366249084,
                "final_loss": 0.0010248158988609844
            },
            "client-2: BoT": {
                "accuracy": 0.918814480304718,
                "precision": 0.997961163520813,
                "recall": 0.9204027056694031,
                "f1_score": 0.9576141834259033,
                "final_loss": 0.0005754773634694236
            },
            "client-3: UNSW": {
                "accuracy": 0.10300949960947037,
                "precision": 0.037889592349529266,
                "recall": 1.0,
                "f1_score": 0.07301276177167892,
                "final_loss": 0.001882748351295644
            }
        },
        "round_2": {
            "client-1: ToN": {
                "accuracy": 0.8040482997894287,
                "precision": 0.8696351051330566,
                "recall": 0.8127397298812866,
                "f1_score": 0.840225338935852,
                "final_loss": 0.0009277151283058639
            },
            "client-2: BoT": {
                "accuracy": 0.9102282524108887,
                "precision": 0.9991390705108643,
                "recall": 0.9106899499893188,
                "f1_score": 0.9528663754463196,
                "final_loss": 0.0005040839304568123
            },
            "client-3: UNSW": {
                "accuracy": 0.5253469944000244,
                "precision": 0.06924311071634293,
                "recall": 0.9995864629745483,
                "f1_score": 0.12951453030109406,
                "final_loss": 0.0014887186207851414
            }
        },
        "round_3": {
            "client-1: ToN": {
                "accuracy": 0.8204805850982666,
                "precision": 0.9017338752746582,
                "recall": 0.8044937252998352,
                "f1_score": 0.8503429293632507,
                "final_loss": 0.0008729057046173602
            },
            "client-2: BoT": {
                "accuracy": 0.9006240367889404,
                "precision": 0.9996055960655212,
                "recall": 0.9006218314170837,
                "f1_score": 0.9475356936454773,
                "final_loss": 0.00044696114824001917
            },
            "client-3: UNSW": {
                "accuracy": 0.7386413216590881,
                "precision": 0.11861565709114075,
                "recall": 0.9950371980667114,
                "f1_score": 0.2119637131690979,
                "final_loss": 0.001160030174290202
            }
        }
    }
}