{
    "client-1: ToN": {
        "accuracy": [
            [
                0.2580319046974182,
                0.29796481132507324,
                0.4580194056034088,
                0.5003907680511475,
                0.5908963084220886,
                0.5936474204063416,
                0.5972217917442322,
                0.6290055513381958,
                0.5958253741264343,
                0.645449697971344
            ]
        ],
        "precision": [
            [
                0.868852436542511,
                0.9003365635871887,
                0.9335952997207642,
                0.9020452499389648,
                0.8773707747459412,
                0.8767942190170288,
                0.8797965049743652,
                0.887782096862793,
                0.8876778483390808,
                0.8949511647224426
            ]
        ],
        "recall": [
            [
                0.007397069130092859,
                0.06720167398452759,
                0.2951151430606842,
                0.37117934226989746,
                0.525540828704834,
                0.5302861332893372,
                0.533440351486206,
                0.5759246349334717,
                0.5251360535621643,
                0.594989538192749
            ]
        ],
        "f1_score": [
            [
                0.014669250696897507,
                0.12506818771362305,
                0.4484671354293823,
                0.5259410738945007,
                0.6573388576507568,
                0.6608745455741882,
                0.6641759276390076,
                0.6986311674118042,
                0.6598910689353943,
                0.7147755026817322
            ]
        ]
    },
    "client-2: BoT": {
        "accuracy": [
            [
                0.058074988424777985,
                0.18299643695354462,
                0.2244187295436859,
                0.22800587117671967,
                0.31365206837654114,
                0.2911604642868042,
                0.26673126220703125,
                0.36499789357185364,
                0.4318181872367859,
                0.4526078701019287
            ]
        ],
        "precision": [
            [
                0.9933814406394958,
                0.9905126094818115,
                0.9876754283905029,
                0.9848520755767822,
                0.9841188788414001,
                0.981721818447113,
                0.9782976508140564,
                0.9840602874755859,
                0.9865476489067078,
                0.9877393841743469
            ]
        ],
        "recall": [
            [
                0.0438932329416275,
                0.17209017276763916,
                0.21518583595752716,
                0.21951933205127716,
                0.30807676911354065,
                0.2855851650238037,
                0.2612591087818146,
                0.36108896136283875,
                0.42893603444099426,
                0.44977933168411255
            ]
        ],
        "f1_score": [
            [
                0.08407169580459595,
                0.293234258890152,
                0.35338032245635986,
                0.3590155839920044,
                0.4692542552947998,
                0.44245821237564087,
                0.41238802671432495,
                0.5283179879188538,
                0.5979098677635193,
                0.6180994510650635
            ]
        ]
    },
    "client-4: CSE": {
        "accuracy": [
            [
                0.7790493369102478,
                0.662143886089325,
                0.6795817017555237,
                0.6769514679908752,
                0.6692125797271729,
                0.6713749170303345,
                0.694831907749176,
                0.6864986419677734,
                0.7100567817687988,
                0.7132054567337036
            ]
        ],
        "precision": [
            [
                0.2115190029144287,
                0.1626659333705902,
                0.17170670628547668,
                0.17051050066947937,
                0.16702620685100555,
                0.16830846667289734,
                0.18173520267009735,
                0.1770019829273224,
                0.19213853776454926,
                0.19452549517154694
            ]
        ],
        "recall": [
            [
                0.3084624409675598,
                0.4377700388431549,
                0.4368215799331665,
                0.4378754198551178,
                0.4406154453754425,
                0.44114238023757935,
                0.4406154453754425,
                0.44188007712364197,
                0.44198545813560486,
                0.4426177740097046
            ]
        ],
        "f1_score": [
            [
                0.2509538233280182,
                0.23719522356987,
                0.24651344120502472,
                0.24544407427310944,
                0.2422293722629547,
                0.24365542829036713,
                0.257331907749176,
                0.25275784730911255,
                0.26784175634384155,
                0.27027028799057007
            ]
        ]
    },
    "client-3: UNSW": {
        "accuracy": [
            [
                0.9790206551551819,
                0.9803795218467712,
                0.9805130362510681,
                0.9813045263290405,
                0.9832689762115479,
                0.9830162525177002,
                0.9817241430282593,
                0.9823630452156067,
                0.9830210208892822,
                0.9831831455230713
            ]
        ],
        "precision": [
            [
                0.870769202709198,
                0.8778735399246216,
                0.895714282989502,
                0.8829787373542786,
                0.818335235118866,
                0.8315919041633606,
                0.8482758402824402,
                0.849925696849823,
                0.8345724940299988,
                0.8280329704284668
            ]
        ],
        "recall": [
            [
                0.0609782375395298,
                0.13165266811847687,
                0.13510020077228546,
                0.178840771317482,
                0.3135100305080414,
                0.2915320098400116,
                0.2120232731103897,
                0.24649859964847565,
                0.2902391850948334,
                0.30295196175575256
            ]
        ],
        "f1_score": [
            [
                0.11397503316402435,
                0.2289675921201706,
                0.2347874939441681,
                0.29743772745132446,
                0.45334166288375854,
                0.4317166805267334,
                0.3392518162727356,
                0.38216134905815125,
                0.43069547414779663,
                0.44360312819480896
            ]
        ]
    },