{
    "round_1": {
        "client-4: CSE": {
            "accuracy": 0.8773155212402344,
            "precision": 0.03125,
            "recall": 0.0008857395732775331,
            "f1_score": 0.0017226528143510222,
            "final_loss": 0.0010717848097570135
        },
        "client-2: BoT": {
            "accuracy": 0.18447823822498322,
            "precision": 1.0,
            "recall": 0.18155242502689362,
            "f1_score": 0.30731168389320374,
            "final_loss": 0.001536545354527598
        },
        "client-1: ToN": {
            "accuracy": 0.3593522608280182,
            "precision": 0.4262295067310333,
            "recall": 0.0031977370381355286,
            "f1_score": 0.00634784996509552,
            "final_loss": 0.0015272216855327944
        },
        "client-3: UNSW": {
            "accuracy": 0.9602002501487732,
            "precision": 0.0,
            "recall": 0.0,
            "f1_score": 0.0,
            "final_loss": 0.0007376921124710932
        }
    },
    "round_2": {
        "client-2: BoT": {
            "accuracy": 0.8326014280319214,
            "precision": 0.9996010661125183,
            "recall": 0.8323330879211426,
            "f1_score": 0.9083306789398193,
            "final_loss": 0.0011383475778982378
        },
        "client-3: UNSW": {
            "accuracy": 0.962989330291748,
            "precision": 0.7734806537628174,
            "recall": 0.09817671775817871,
            "f1_score": 0.1742377132177353,
            "final_loss": 0.0006194110138385137
        },
        "client-4: CSE": {
            "accuracy": 0.8783211708068848,
            "precision": 0.4084821343421936,
            "recall": 0.040522586554288864,
            "f1_score": 0.07373086363077164,
            "final_loss": 0.000980364204689701
        },
        "client-1: ToN": {
            "accuracy": 0.47050490975379944,
            "precision": 0.9046863913536072,
            "recall": 0.1929096281528473,
            "f1_score": 0.31800898909568787,
            "final_loss": 0.0015267289309719135
        }
    },
    "weighted": {
        "metrics_distributed": {
            "accuracy": [
                [
                    1,
                    0.6254043889296527
                ],
                [
                    2,
                    0.7968546541610567
                ]
            ]
        },
        "losses_distributed": [
            [
                1,
                0.0011703004180363338
            ],
            [
                2,
                0.0010244300287831753
            ]
        ]
    }
}