{
    "round_1": {
        "client-1: ToN": {
            "accuracy": 0.35520049929618835,
            "precision": 0.41429561376571655,
            "recall": 0.018356239423155785,
            "f1_score": 0.03515486791729927,
            "final_loss": 0.001515635647142676
        },
        "client-2: BoT": {
            "accuracy": 0.8350949883460999,
            "precision": 0.9991786479949951,
            "recall": 0.8351898789405823,
            "f1_score": 0.9098541736602783,
            "final_loss": 0.0013202779432532831
        },
        "client-3: UNSW": {
            "accuracy": 0.9701989889144897,
            "precision": 0.7885391712188721,
            "recall": 0.3425666093826294,
            "f1_score": 0.4776338040828705,
            "final_loss": 0.0006831905421871031
        },
        "client-4: CSE": {
            "accuracy": 0.7647401094436646,
            "precision": 0.035668790340423584,
            "recall": 0.037201061844825745,
            "f1_score": 0.036418814212083817,
            "final_loss": 0.0010685123841548277
        }
    },
    "round_2": {
        "client-2: BoT": {
            "accuracy": 0.9421188235282898,
            "precision": 0.9989207983016968,
            "recall": 0.9429299235343933,
            "f1_score": 0.9701181650161743,
            "final_loss": 0.0009351907893997227
        },
        "client-4: CSE": {
            "accuracy": 0.8615433573722839,
            "precision": 0.44477012753486633,
            "recall": 0.6383967995643616,
            "f1_score": 0.5242771506309509,
            "final_loss": 0.0009434458262279096
        },
        "client-1: ToN": {
            "accuracy": 0.4640510082244873,
            "precision": 0.7607301473617554,
            "recall": 0.23706300556659698,
            "f1_score": 0.3614796996116638,
            "final_loss": 0.0015632157978109503
        },
        "client-3: UNSW": {
            "accuracy": 0.9743825793266296,
            "precision": 0.7895036935806274,
            "recall": 0.48527348041534424,
            "f1_score": 0.6010857820510864,
            "final_loss": 0.000522639289319413
        }
    },
    "weighted": {
        "metrics_distributed": {
            "accuracy": [
                [
                    1,
                    0.7505750728420691
                ],
                [
                    2,
                    0.8202867035818572
                ]
            ]
        },
        "losses_distributed": [
            [
                1,
                0.001100168526088239
            ],
            [
                2,
                0.0009481700271598339
            ]
        ]
    }
}