{
    "round_1": {
        "client-2: BoT": {
            "accuracy": 0.9130128026008606,
            "precision": 0.9988138675689697,
            "recall": 0.9137858748435974,
            "f1_score": 0.9544098377227783,
            "final_loss": 0.0011980363428638716
        },
        "client-3: UNSW": {
            "accuracy": 0.9596145749092102,
            "precision": 0.3166666626930237,
            "recall": 0.013323983177542686,
            "f1_score": 0.025572005659341812,
            "final_loss": 0.0007235948247556718
        },
        "client-4: CSE": {
            "accuracy": 0.8844606876373291,
            "precision": 0.6044568419456482,
            "recall": 0.0961027443408966,
            "f1_score": 0.16583873331546783,
            "final_loss": 0.0009128197213701688
        },
        "client-1: ToN": {
            "accuracy": 0.44226908683776855,
            "precision": 0.753089427947998,
            "recall": 0.19112628698349,
            "f1_score": 0.30487775802612305,
            "final_loss": 0.0015684312910168752
        }
    },
    "round_2": {
        "client-1: ToN": {
            "accuracy": 0.4804612100124359,
            "precision": 0.7793808579444885,
            "recall": 0.2624296545982361,
            "f1_score": 0.39264845848083496,
            "final_loss": 0.0015522053074627502
        },
        "client-2: BoT": {
            "accuracy": 0.9488271474838257,
            "precision": 0.99830162525177,
            "recall": 0.9502602219581604,
            "f1_score": 0.9736886620521545,
            "final_loss": 0.0008459356084364375
        },
        "client-4: CSE": {
            "accuracy": 0.8960781097412109,
            "precision": 0.6098470687866211,
            "recall": 0.3620460629463196,
            "f1_score": 0.45435598492622375,
            "final_loss": 0.0008688914357221504
        },
        "client-3: UNSW": {
            "accuracy": 0.964871883392334,
            "precision": 0.7290233969688416,
            "recall": 0.18583449721336365,
            "f1_score": 0.2961721122264862,
            "final_loss": 0.0005736284525357302
        }
    },
    "weighted": {
        "metrics_distributed": {
            "accuracy": [
                [
                    1,
                    0.8075267179767684
                ],
                [
                    2,
                    0.8288328039764178
                ]
            ]
        },
        "losses_distributed": [
            [
                1,
                0.00107189082497157
            ],
            [
                2,
                0.0009299217275942946
            ]
        ]
    }
}