{
    "round_1": {
        "client-2: BoT": {
            "accuracy": 0.05529933422803879,
            "precision": 0.9995737671852112,
            "recall": 0.051932234317064285,
            "f1_score": 0.09873475879430771,
            "final_loss": 0.0016168379669463874
        },
        "client-3: UNSW": {
            "accuracy": 0.9603815674781799,
            "precision": 0.9230769276618958,
            "recall": 0.00420757383108139,
            "f1_score": 0.00837696436792612,
            "final_loss": 0.000942709223307674
        },
        "client-4: CSE": {
            "accuracy": 0.8781359195709229,
            "precision": 0.0,
            "recall": 0.0,
            "f1_score": 0.0,
            "final_loss": 0.0009814569951554916
        },
        "client-1: ToN": {
            "accuracy": 0.37113848328590393,
            "precision": 0.9929947257041931,
            "recall": 0.01743381656706333,
            "f1_score": 0.03426603227853775,
            "final_loss": 0.001555932049702305
        }
    },
    "round_2": {
        "client-2: BoT": {
            "accuracy": 0.9423395395278931,
            "precision": 0.9996711015701294,
            "recall": 0.9424427151679993,
            "f1_score": 0.9702137112617493,
            "final_loss": 0.0011151552694863502
        },
        "client-1: ToN": {
            "accuracy": 0.499330997467041,
            "precision": 0.9730018973350525,
            "recall": 0.223841592669487,
            "f1_score": 0.3639545142650604,
            "final_loss": 0.0015258744847492561
        },
        "client-3: UNSW": {
            "accuracy": 0.9648858308792114,
            "precision": 0.8339999914169312,
            "recall": 0.14621318876743317,
            "f1_score": 0.2488066852092743,
            "final_loss": 0.0007262815002330544
        },
        "client-4: CSE": {
            "accuracy": 0.9302424192428589,
            "precision": 0.723809540271759,
            "recall": 0.6731621026992798,
            "f1_score": 0.6975677013397217,
            "final_loss": 0.0009379713648498986
        }
    },
    "weighted": {
        "metrics_distributed": {
            "accuracy": [
                [
                    1,
                    0.6000775943998948
                ],
                [
                    2,
                    0.8383370295609578
                ]
            ]
        },
        "losses_distributed": [
            [
                1,
                0.0012501029756345234
            ],
            [
                2,
                0.0010486431682944653
            ]
        ]
    }
}